district_code,category,coverage_pct
TN_CHENNAI,WATER_SUPPLY,83.7
TN_CHENNAI,SANITATION,66.7
TN_CHENNAI,ROADS,68.7
TN_CHENNAI,ELECTRICITY,72.7
TN_CHENNAI,HEALTH,65.7
TN_CHENNAI,EDUCATION,71.7
TN_CHENNAI,DIGITAL,83.7
TN_CHENNAI,HOUSING,86.7
TN_CHENNAI,IRRIGATION,62.7
TN_CHENNAI,TRANSPORT,80.7
TN_COIMBATORE,WATER_SUPPLY,65.9
TN_COIMBATORE,SANITATION,67.9
TN_COIMBATORE,ROADS,64.9
TN_COIMBATORE,ELECTRICITY,73.9
TN_COIMBATORE,HEALTH,63.9
TN_COIMBATORE,EDUCATION,66.9
TN_COIMBATORE,DIGITAL,69.9
TN_COIMBATORE,HOUSING,67.9
TN_COIMBATORE,IRRIGATION,54.9
TN_COIMBATORE,TRANSPORT,72.9
TN_MADURAI,WATER_SUPPLY,71.2
TN_MADURAI,SANITATION,63.2
TN_MADURAI,ROADS,60.2
TN_MADURAI,ELECTRICITY,72.2
TN_MADURAI,HEALTH,72.2
TN_MADURAI,EDUCATION,57.2
TN_MADURAI,DIGITAL,60.2
TN_MADURAI,HOUSING,55.2
TN_MADURAI,IRRIGATION,65.2
TN_MADURAI,TRANSPORT,72.2
TN_TIRUCHIRAPPALLI,WATER_SUPPLY,52.3
TN_TIRUCHIRAPPALLI,SANITATION,69.3
TN_TIRUCHIRAPPALLI,ROADS,51.3
TN_TIRUCHIRAPPALLI,ELECTRICITY,66.3
TN_TIRUCHIRAPPALLI,HEALTH,67.3
TN_TIRUCHIRAPPALLI,EDUCATION,57.3
TN_TIRUCHIRAPPALLI,DIGITAL,51.3
TN_TIRUCHIRAPPALLI,HOUSING,65.3
TN_TIRUCHIRAPPALLI,IRRIGATION,70.3
TN_TIRUCHIRAPPALLI,TRANSPORT,61.3
TN_SALEM,WATER_SUPPLY,40.4
TN_SALEM,SANITATION,41.4
TN_SALEM,ROADS,57.4
TN_SALEM,ELECTRICITY,57.4
TN_SALEM,HEALTH,58.4
TN_SALEM,EDUCATION,46.4
TN_SALEM,DIGITAL,42.4
TN_SALEM,HOUSING,43.4
TN_SALEM,IRRIGATION,52.4
TN_SALEM,TRANSPORT,60.4
TN_TIRUNELVELI,WATER_SUPPLY,65.5
TN_TIRUNELVELI,SANITATION,46.5
TN_TIRUNELVELI,ROADS,59.5
TN_TIRUNELVELI,ELECTRICITY,55.5
TN_TIRUNELVELI,HEALTH,69.5
TN_TIRUNELVELI,EDUCATION,59.5
TN_TIRUNELVELI,DIGITAL,59.5
TN_TIRUNELVELI,HOUSING,63.5
TN_TIRUNELVELI,IRRIGATION,49.5
TN_TIRUNELVELI,TRANSPORT,50.5
TN_ERODE,WATER_SUPPLY,55.1
TN_ERODE,SANITATION,50.1
TN_ERODE,ROADS,56.1
TN_ERODE,ELECTRICITY,46.1
TN_ERODE,HEALTH,50.1
TN_ERODE,EDUCATION,63.1
TN_ERODE,DIGITAL,43.1
TN_ERODE,HOUSING,62.1
TN_ERODE,IRRIGATION,45.1
TN_ERODE,TRANSPORT,48.1
TN_VELLORE,WATER_SUPPLY,59.8
TN_VELLORE,SANITATION,57.8
TN_VELLORE,ROADS,64.8
TN_VELLORE,ELECTRICITY,64.8
TN_VELLORE,HEALTH,58.8
TN_VELLORE,EDUCATION,55.8
TN_VELLORE,DIGITAL,54.8
TN_VELLORE,HOUSING,45.8
TN_VELLORE,IRRIGATION,60.8
TN_VELLORE,TRANSPORT,65.8
TN_THANJAVUR,WATER_SUPPLY,69.6
TN_THANJAVUR,SANITATION,51.6
TN_THANJAVUR,ROADS,46.6
TN_THANJAVUR,ELECTRICITY,58.6
TN_THANJAVUR,HEALTH,46.6
TN_THANJAVUR,EDUCATION,61.6
TN_THANJAVUR,DIGITAL,66.6
TN_THANJAVUR,HOUSING,58.6
TN_THANJAVUR,IRRIGATION,68.6
TN_THANJAVUR,TRANSPORT,65.6
TN_DINDIGUL,WATER_SUPPLY,42.5
TN_DINDIGUL,SANITATION,46.5
TN_DINDIGUL,ROADS,50.5
TN_DINDIGUL,ELECTRICITY,44.5
TN_DINDIGUL,HEALTH,49.5
TN_DINDIGUL,EDUCATION,37.5
TN_DINDIGUL,DIGITAL,45.5
TN_DINDIGUL,HOUSING,41.5
TN_DINDIGUL,IRRIGATION,45.5
TN_DINDIGUL,TRANSPORT,45.5
TN_KANCHIPURAM,WATER_SUPPLY,57.7
TN_KANCHIPURAM,SANITATION,68.7
TN_KANCHIPURAM,ROADS,68.7
TN_KANCHIPURAM,ELECTRICITY,59.7
TN_KANCHIPURAM,HEALTH,66.7
TN_KANCHIPURAM,EDUCATION,71.7
TN_KANCHIPURAM,DIGITAL,65.7
TN_KANCHIPURAM,HOUSING,55.7
TN_KANCHIPURAM,IRRIGATION,77.7
TN_KANCHIPURAM,TRANSPORT,69.7
TN_CUDDALORE,WATER_SUPPLY,41.2
TN_CUDDALORE,SANITATION,40.2
TN_CUDDALORE,ROADS,45.2
TN_CUDDALORE,ELECTRICITY,55.2
TN_CUDDALORE,HEALTH,62.2
TN_CUDDALORE,EDUCATION,45.2
TN_CUDDALORE,DIGITAL,62.2
TN_CUDDALORE,HOUSING,44.2
TN_CUDDALORE,IRRIGATION,40.2
TN_CUDDALORE,TRANSPORT,60.2
TN_TIRUPPUR,WATER_SUPPLY,70.1
TN_TIRUPPUR,SANITATION,64.1
TN_TIRUPPUR,ROADS,54.1
TN_TIRUPPUR,ELECTRICITY,60.1
TN_TIRUPPUR,HEALTH,60.1
TN_TIRUPPUR,EDUCATION,70.1
TN_TIRUPPUR,DIGITAL,54.1
TN_TIRUPPUR,HOUSING,53.1
TN_TIRUPPUR,IRRIGATION,52.1
TN_TIRUPPUR,TRANSPORT,54.1
TN_KANYAKUMARI,WATER_SUPPLY,82.0
TN_KANYAKUMARI,SANITATION,78.0
TN_KANYAKUMARI,ROADS,66.0
TN_KANYAKUMARI,ELECTRICITY,66.0
TN_KANYAKUMARI,HEALTH,73.0
TN_KANYAKUMARI,EDUCATION,71.0
TN_KANYAKUMARI,DIGITAL,77.0
TN_KANYAKUMARI,HOUSING,73.0
TN_KANYAKUMARI,IRRIGATION,82.0
TN_KANYAKUMARI,TRANSPORT,62.0
TN_THOOTHUKUDI,WATER_SUPPLY,68.0
TN_THOOTHUKUDI,SANITATION,73.0
TN_THOOTHUKUDI,ROADS,71.0
TN_THOOTHUKUDI,ELECTRICITY,51.0
TN_THOOTHUKUDI,HEALTH,62.0
TN_THOOTHUKUDI,EDUCATION,63.0
TN_THOOTHUKUDI,DIGITAL,75.0
TN_THOOTHUKUDI,HOUSING,53.0
TN_THOOTHUKUDI,IRRIGATION,55.0
TN_THOOTHUKUDI,TRANSPORT,54.0
TN_VILLUPURAM,WATER_SUPPLY,40.2
TN_VILLUPURAM,SANITATION,46.2
TN_VILLUPURAM,ROADS,43.2
TN_VILLUPURAM,ELECTRICITY,48.2
TN_VILLUPURAM,HEALTH,31.2
TN_VILLUPURAM,EDUCATION,43.2
TN_VILLUPURAM,DIGITAL,53.2
TN_VILLUPURAM,HOUSING,36.2
TN_VILLUPURAM,IRRIGATION,50.2
TN_VILLUPURAM,TRANSPORT,47.2
TN_RAMANATHAPURAM,WATER_SUPPLY,65.8
TN_RAMANATHAPURAM,SANITATION,43.8
TN_RAMANATHAPURAM,ROADS,52.8
TN_RAMANATHAPURAM,ELECTRICITY,67.8
TN_RAMANATHAPURAM,HEALTH,65.8
TN_RAMANATHAPURAM,EDUCATION,52.8
TN_RAMANATHAPURAM,DIGITAL,59.8
TN_RAMANATHAPURAM,HOUSING,53.8
TN_RAMANATHAPURAM,IRRIGATION,54.8
TN_RAMANATHAPURAM,TRANSPORT,46.8
TN_PERAMBALUR,WATER_SUPPLY,48.1
TN_PERAMBALUR,SANITATION,48.1
TN_PERAMBALUR,ROADS,54.1
TN_PERAMBALUR,ELECTRICITY,42.1
TN_PERAMBALUR,HEALTH,65.1
TN_PERAMBALUR,EDUCATION,61.1
TN_PERAMBALUR,DIGITAL,45.1
TN_PERAMBALUR,HOUSING,62.1
TN_PERAMBALUR,IRRIGATION,43.1
TN_PERAMBALUR,TRANSPORT,59.1
TN_TIRUVANNAMALAI,WATER_SUPPLY,56.9
TN_TIRUVANNAMALAI,SANITATION,34.9
TN_TIRUVANNAMALAI,ROADS,37.9
TN_TIRUVANNAMALAI,ELECTRICITY,56.9
TN_TIRUVANNAMALAI,HEALTH,36.9
TN_TIRUVANNAMALAI,EDUCATION,52.9
TN_TIRUVANNAMALAI,DIGITAL,38.9
TN_TIRUVANNAMALAI,HOUSING,52.9
TN_TIRUVANNAMALAI,IRRIGATION,38.9
TN_TIRUVANNAMALAI,TRANSPORT,54.9
TN_DHARMAPURI,WATER_SUPPLY,36.6
TN_DHARMAPURI,SANITATION,34.6
TN_DHARMAPURI,ROADS,35.6
TN_DHARMAPURI,ELECTRICITY,41.6
TN_DHARMAPURI,HEALTH,40.6
TN_DHARMAPURI,EDUCATION,39.6
TN_DHARMAPURI,DIGITAL,39.6
TN_DHARMAPURI,HOUSING,48.6
TN_DHARMAPURI,IRRIGATION,42.6
TN_DHARMAPURI,TRANSPORT,31.6
TN_KRISHNAGIRI,WATER_SUPPLY,36.0
TN_KRISHNAGIRI,SANITATION,49.0
TN_KRISHNAGIRI,ROADS,38.0
TN_KRISHNAGIRI,ELECTRICITY,56.0
TN_KRISHNAGIRI,HEALTH,52.0
TN_KRISHNAGIRI,EDUCATION,48.0
TN_KRISHNAGIRI,DIGITAL,35.0
TN_KRISHNAGIRI,HOUSING,46.0
TN_KRISHNAGIRI,IRRIGATION,39.0
TN_KRISHNAGIRI,TRANSPORT,38.0
TN_NAMAKKAL,WATER_SUPPLY,61.3
TN_NAMAKKAL,SANITATION,51.3
TN_NAMAKKAL,ROADS,41.3
TN_NAMAKKAL,ELECTRICITY,51.3
TN_NAMAKKAL,HEALTH,59.3
TN_NAMAKKAL,EDUCATION,55.3
TN_NAMAKKAL,DIGITAL,58.3
TN_NAMAKKAL,HOUSING,59.3
TN_NAMAKKAL,IRRIGATION,47.3
TN_NAMAKKAL,TRANSPORT,53.3
TN_KARUR,WATER_SUPPLY,58.2
TN_KARUR,SANITATION,43.2
TN_KARUR,ROADS,48.2
TN_KARUR,ELECTRICITY,60.2
TN_KARUR,HEALTH,53.2
TN_KARUR,EDUCATION,41.2
TN_KARUR,DIGITAL,52.2
TN_KARUR,HOUSING,43.2
TN_KARUR,IRRIGATION,62.2
TN_KARUR,TRANSPORT,53.2
TN_VIRUDHUNAGAR,WATER_SUPPLY,55.7
TN_VIRUDHUNAGAR,SANITATION,68.7
TN_VIRUDHUNAGAR,ROADS,63.7
TN_VIRUDHUNAGAR,ELECTRICITY,66.7
TN_VIRUDHUNAGAR,HEALTH,57.7
TN_VIRUDHUNAGAR,EDUCATION,56.7
TN_VIRUDHUNAGAR,DIGITAL,59.7
TN_VIRUDHUNAGAR,HOUSING,57.7
TN_VIRUDHUNAGAR,IRRIGATION,60.7
TN_VIRUDHUNAGAR,TRANSPORT,45.7
TN_THENI,WATER_SUPPLY,53.3
TN_THENI,SANITATION,42.3
TN_THENI,ROADS,61.3
TN_THENI,ELECTRICITY,50.3
TN_THENI,HEALTH,53.3
TN_THENI,EDUCATION,55.3
TN_THENI,DIGITAL,56.3
TN_THENI,HOUSING,48.3
TN_THENI,IRRIGATION,50.3
TN_THENI,TRANSPORT,41.3
TN_NILGIRIS,WATER_SUPPLY,67.8
TN_NILGIRIS,SANITATION,63.8
TN_NILGIRIS,ROADS,70.8
TN_NILGIRIS,ELECTRICITY,56.8
TN_NILGIRIS,HEALTH,58.8
TN_NILGIRIS,EDUCATION,58.8
TN_NILGIRIS,DIGITAL,74.8
TN_NILGIRIS,HOUSING,53.8
TN_NILGIRIS,IRRIGATION,60.8
TN_NILGIRIS,TRANSPORT,65.8
TN_SIVAGANGA,WATER_SUPPLY,46.1
TN_SIVAGANGA,SANITATION,64.1
TN_SIVAGANGA,ROADS,44.1
TN_SIVAGANGA,ELECTRICITY,51.1
TN_SIVAGANGA,HEALTH,51.1
TN_SIVAGANGA,EDUCATION,57.1
TN_SIVAGANGA,DIGITAL,58.1
TN_SIVAGANGA,HOUSING,62.1
TN_SIVAGANGA,IRRIGATION,48.1
TN_SIVAGANGA,TRANSPORT,54.1
TN_NAGAPATTINAM,WATER_SUPPLY,56.8
TN_NAGAPATTINAM,SANITATION,60.8
TN_NAGAPATTINAM,ROADS,62.8
TN_NAGAPATTINAM,ELECTRICITY,56.8
TN_NAGAPATTINAM,HEALTH,56.8
TN_NAGAPATTINAM,EDUCATION,62.8
TN_NAGAPATTINAM,DIGITAL,58.8
TN_NAGAPATTINAM,HOUSING,63.8
TN_NAGAPATTINAM,IRRIGATION,44.8
TN_NAGAPATTINAM,TRANSPORT,46.8
TN_PUDUKKOTTAI,WATER_SUPPLY,54.7
TN_PUDUKKOTTAI,SANITATION,46.7
TN_PUDUKKOTTAI,ROADS,57.7
TN_PUDUKKOTTAI,ELECTRICITY,52.7
TN_PUDUKKOTTAI,HEALTH,40.7
TN_PUDUKKOTTAI,EDUCATION,46.7
TN_PUDUKKOTTAI,DIGITAL,36.7
TN_PUDUKKOTTAI,HOUSING,54.7
TN_PUDUKKOTTAI,IRRIGATION,38.7
TN_PUDUKKOTTAI,TRANSPORT,55.7
TN_CHENGALPATTU,WATER_SUPPLY,64.2
TN_CHENGALPATTU,SANITATION,76.2
TN_CHENGALPATTU,ROADS,71.2
TN_CHENGALPATTU,ELECTRICITY,74.2
TN_CHENGALPATTU,HEALTH,59.2
TN_CHENGALPATTU,EDUCATION,64.2
TN_CHENGALPATTU,DIGITAL,60.2
TN_CHENGALPATTU,HOUSING,72.2
TN_CHENGALPATTU,IRRIGATION,79.2
TN_CHENGALPATTU,TRANSPORT,74.2
TN_RANIPET,WATER_SUPPLY,59.6
TN_RANIPET,SANITATION,48.6
TN_RANIPET,ROADS,63.6
TN_RANIPET,ELECTRICITY,50.6
TN_RANIPET,HEALTH,69.6
TN_RANIPET,EDUCATION,55.6
TN_RANIPET,DIGITAL,62.6
TN_RANIPET,HOUSING,46.6
TN_RANIPET,IRRIGATION,47.6
TN_RANIPET,TRANSPORT,59.6
TN_TIRUPATHUR,WATER_SUPPLY,53.5
TN_TIRUPATHUR,SANITATION,37.5
TN_TIRUPATHUR,ROADS,51.5
TN_TIRUPATHUR,ELECTRICITY,42.5
TN_TIRUPATHUR,HEALTH,48.5
TN_TIRUPATHUR,EDUCATION,49.5
TN_TIRUPATHUR,DIGITAL,40.5
TN_TIRUPATHUR,HOUSING,40.5
TN_TIRUPATHUR,IRRIGATION,37.5
TN_TIRUPATHUR,TRANSPORT,57.5
TN_TENKASI,WATER_SUPPLY,59.7
TN_TENKASI,SANITATION,59.7
TN_TENKASI,ROADS,55.7
TN_TENKASI,ELECTRICITY,63.7
TN_TENKASI,HEALTH,46.7
TN_TENKASI,EDUCATION,63.7
TN_TENKASI,DIGITAL,61.7
TN_TENKASI,HOUSING,44.7
TN_TENKASI,IRRIGATION,66.7
TN_TENKASI,TRANSPORT,62.7
TN_KALLAKURICHI,WATER_SUPPLY,45.4
TN_KALLAKURICHI,SANITATION,36.4
TN_KALLAKURICHI,ROADS,47.4
TN_KALLAKURICHI,ELECTRICITY,48.4
TN_KALLAKURICHI,HEALTH,39.4
TN_KALLAKURICHI,EDUCATION,37.4
TN_KALLAKURICHI,DIGITAL,29.4
TN_KALLAKURICHI,HOUSING,47.4
TN_KALLAKURICHI,IRRIGATION,48.4
TN_KALLAKURICHI,TRANSPORT,43.4
TN_MAYILADUTHURAI,WATER_SUPPLY,43.9
TN_MAYILADUTHURAI,SANITATION,50.9
TN_MAYILADUTHURAI,ROADS,42.9
TN_MAYILADUTHURAI,ELECTRICITY,42.9
TN_MAYILADUTHURAI,HEALTH,53.9
TN_MAYILADUTHURAI,EDUCATION,45.9
TN_MAYILADUTHURAI,DIGITAL,56.9
TN_MAYILADUTHURAI,HOUSING,55.9
TN_MAYILADUTHURAI,IRRIGATION,56.9
TN_MAYILADUTHURAI,TRANSPORT,65.9
KA_BENGALURU_URBAN,WATER_SUPPLY,70.5
KA_BENGALURU_URBAN,SANITATION,69.5
KA_BENGALURU_URBAN,ROADS,85.5
KA_BENGALURU_URBAN,ELECTRICITY,67.5
KA_BENGALURU_URBAN,HEALTH,77.5
KA_BENGALURU_URBAN,EDUCATION,83.5
KA_BENGALURU_URBAN,DIGITAL,77.5
KA_BENGALURU_URBAN,HOUSING,85.5
KA_BENGALURU_URBAN,IRRIGATION,68.5
KA_BENGALURU_URBAN,TRANSPORT,65.5
KA_BENGALURU_RURAL,WATER_SUPPLY,56.4
KA_BENGALURU_RURAL,SANITATION,70.4
KA_BENGALURU_RURAL,ROADS,50.4
KA_BENGALURU_RURAL,ELECTRICITY,51.4
KA_BENGALURU_RURAL,HEALTH,58.4
KA_BENGALURU_RURAL,EDUCATION,59.4
KA_BENGALURU_RURAL,DIGITAL,71.4
KA_BENGALURU_RURAL,HOUSING,68.4
KA_BENGALURU_RURAL,IRRIGATION,49.4
KA_BENGALURU_RURAL,TRANSPORT,69.4
KA_MYSURU,WATER_SUPPLY,48.1
KA_MYSURU,SANITATION,43.1
KA_MYSURU,ROADS,55.1
KA_MYSURU,ELECTRICITY,57.1
KA_MYSURU,HEALTH,46.1
KA_MYSURU,EDUCATION,56.1
KA_MYSURU,DIGITAL,48.1
KA_MYSURU,HOUSING,65.1
KA_MYSURU,IRRIGATION,52.1
KA_MYSURU,TRANSPORT,60.1
KA_DAKSHINA_KANNADA,WATER_SUPPLY,63.2
KA_DAKSHINA_KANNADA,SANITATION,61.2
KA_DAKSHINA_KANNADA,ROADS,68.2
KA_DAKSHINA_KANNADA,ELECTRICITY,79.2
KA_DAKSHINA_KANNADA,HEALTH,63.2
KA_DAKSHINA_KANNADA,EDUCATION,76.2
KA_DAKSHINA_KANNADA,DIGITAL,67.2
KA_DAKSHINA_KANNADA,HOUSING,70.2
KA_DAKSHINA_KANNADA,IRRIGATION,72.2
KA_DAKSHINA_KANNADA,TRANSPORT,61.2
KA_BELAGAVI,WATER_SUPPLY,41.4
KA_BELAGAVI,SANITATION,56.4
KA_BELAGAVI,ROADS,60.4
KA_BELAGAVI,ELECTRICITY,40.4
KA_BELAGAVI,HEALTH,57.4
KA_BELAGAVI,EDUCATION,51.4
KA_BELAGAVI,DIGITAL,62.4
KA_BELAGAVI,HOUSING,50.4
KA_BELAGAVI,IRRIGATION,60.4
KA_BELAGAVI,TRANSPORT,48.4
KA_DHARWAD,WATER_SUPPLY,63.3
KA_DHARWAD,SANITATION,60.3
KA_DHARWAD,ROADS,71.3
KA_DHARWAD,ELECTRICITY,68.3
KA_DHARWAD,HEALTH,63.3
KA_DHARWAD,EDUCATION,60.3
KA_DHARWAD,DIGITAL,55.3
KA_DHARWAD,HOUSING,71.3
KA_DHARWAD,IRRIGATION,61.3
KA_DHARWAD,TRANSPORT,65.3
KA_KALABURAGI,WATER_SUPPLY,34.8
KA_KALABURAGI,SANITATION,49.8
KA_KALABURAGI,ROADS,29.8
KA_KALABURAGI,ELECTRICITY,46.8
KA_KALABURAGI,HEALTH,27.8
KA_KALABURAGI,EDUCATION,39.8
KA_KALABURAGI,DIGITAL,38.8
KA_KALABURAGI,HOUSING,26.8
KA_KALABURAGI,IRRIGATION,32.8
KA_KALABURAGI,TRANSPORT,32.8
KA_BALLARI,WATER_SUPPLY,41.2
KA_BALLARI,SANITATION,39.2
KA_BALLARI,ROADS,48.2
KA_BALLARI,ELECTRICITY,46.2
KA_BALLARI,HEALTH,44.2
KA_BALLARI,EDUCATION,33.2
KA_BALLARI,DIGITAL,46.2
KA_BALLARI,HOUSING,33.2
KA_BALLARI,IRRIGATION,48.2
KA_BALLARI,TRANSPORT,31.2
KA_SHIVAMOGGA,WATER_SUPPLY,53.5
KA_SHIVAMOGGA,SANITATION,57.5
KA_SHIVAMOGGA,ROADS,66.5
KA_SHIVAMOGGA,ELECTRICITY,46.5
KA_SHIVAMOGGA,HEALTH,66.5
KA_SHIVAMOGGA,EDUCATION,69.5
KA_SHIVAMOGGA,DIGITAL,68.5
KA_SHIVAMOGGA,HOUSING,62.5
KA_SHIVAMOGGA,IRRIGATION,53.5
KA_SHIVAMOGGA,TRANSPORT,63.5
KA_TUMAKURU,WATER_SUPPLY,42.3
KA_TUMAKURU,SANITATION,42.3
KA_TUMAKURU,ROADS,44.3
KA_TUMAKURU,ELECTRICITY,46.3
KA_TUMAKURU,HEALTH,47.3
KA_TUMAKURU,EDUCATION,41.3
KA_TUMAKURU,DIGITAL,52.3
KA_TUMAKURU,HOUSING,49.3
KA_TUMAKURU,IRRIGATION,49.3
KA_TUMAKURU,TRANSPORT,52.3
KA_UDUPI,WATER_SUPPLY,62.4
KA_UDUPI,SANITATION,74.4
KA_UDUPI,ROADS,76.4
KA_UDUPI,ELECTRICITY,64.4
KA_UDUPI,HEALTH,68.4
KA_UDUPI,EDUCATION,70.4
KA_UDUPI,DIGITAL,68.4
KA_UDUPI,HOUSING,62.4
KA_UDUPI,IRRIGATION,73.4
KA_UDUPI,TRANSPORT,59.4
KA_HASSAN,WATER_SUPPLY,63.2
KA_HASSAN,SANITATION,43.2
KA_HASSAN,ROADS,42.2
KA_HASSAN,ELECTRICITY,52.2
KA_HASSAN,HEALTH,55.2
KA_HASSAN,EDUCATION,56.2
KA_HASSAN,DIGITAL,60.2
KA_HASSAN,HOUSING,44.2
KA_HASSAN,IRRIGATION,55.2
KA_HASSAN,TRANSPORT,60.2
KA_DAVANAGERE,WATER_SUPPLY,65.1
KA_DAVANAGERE,SANITATION,55.1
KA_DAVANAGERE,ROADS,63.1
KA_DAVANAGERE,ELECTRICITY,62.1
KA_DAVANAGERE,HEALTH,51.1
KA_DAVANAGERE,EDUCATION,43.1
KA_DAVANAGERE,DIGITAL,43.1
KA_DAVANAGERE,HOUSING,64.1
KA_DAVANAGERE,IRRIGATION,43.1
KA_DAVANAGERE,TRANSPORT,44.1
KA_MANDYA,WATER_SUPPLY,45.9
KA_MANDYA,SANITATION,48.9
KA_MANDYA,ROADS,44.9
KA_MANDYA,ELECTRICITY,42.9
KA_MANDYA,HEALTH,49.9
KA_MANDYA,EDUCATION,45.9
KA_MANDYA,DIGITAL,37.9
KA_MANDYA,HOUSING,35.9
KA_MANDYA,IRRIGATION,51.9
KA_MANDYA,TRANSPORT,52.9
KA_VIJAYAPURA,WATER_SUPPLY,46.5
KA_VIJAYAPURA,SANITATION,46.5
KA_VIJAYAPURA,ROADS,28.5
KA_VIJAYAPURA,ELECTRICITY,44.5
KA_VIJAYAPURA,HEALTH,40.5
KA_VIJAYAPURA,EDUCATION,38.5
KA_VIJAYAPURA,DIGITAL,46.5
KA_VIJAYAPURA,HOUSING,34.5
KA_VIJAYAPURA,IRRIGATION,29.5
KA_VIJAYAPURA,TRANSPORT,35.5
KA_BAGALKOT,WATER_SUPPLY,38.3
KA_BAGALKOT,SANITATION,41.3
KA_BAGALKOT,ROADS,30.3
KA_BAGALKOT,ELECTRICITY,31.3
KA_BAGALKOT,HEALTH,46.3
KA_BAGALKOT,EDUCATION,48.3
KA_BAGALKOT,DIGITAL,49.3
KA_BAGALKOT,HOUSING,39.3
KA_BAGALKOT,IRRIGATION,48.3
KA_BAGALKOT,TRANSPORT,51.3
KA_BIDAR,WATER_SUPPLY,40.1
KA_BIDAR,SANITATION,56.1
KA_BIDAR,ROADS,52.1
KA_BIDAR,ELECTRICITY,43.1
KA_BIDAR,HEALTH,39.1
KA_BIDAR,EDUCATION,52.1
KA_BIDAR,DIGITAL,49.1
KA_BIDAR,HOUSING,44.1
KA_BIDAR,IRRIGATION,36.1
KA_BIDAR,TRANSPORT,45.1
KA_RAICHUR,WATER_SUPPLY,32.2
KA_RAICHUR,SANITATION,37.2
KA_RAICHUR,ROADS,24.2
KA_RAICHUR,ELECTRICITY,20.2
KA_RAICHUR,HEALTH,20.2
KA_RAICHUR,EDUCATION,19.2
KA_RAICHUR,DIGITAL,36.2
KA_RAICHUR,HOUSING,14.2
KA_RAICHUR,IRRIGATION,13.2
KA_RAICHUR,TRANSPORT,24.2
KA_KOPPAL,WATER_SUPPLY,34.2
KA_KOPPAL,SANITATION,27.2
KA_KOPPAL,ROADS,24.2
KA_KOPPAL,ELECTRICITY,37.2
KA_KOPPAL,HEALTH,32.2
KA_KOPPAL,EDUCATION,28.2
KA_KOPPAL,DIGITAL,25.2
KA_KOPPAL,HOUSING,46.2
KA_KOPPAL,IRRIGATION,31.2
KA_KOPPAL,TRANSPORT,29.2
KA_YADGIR,WATER_SUPPLY,12.0
KA_YADGIR,SANITATION,28.0
KA_YADGIR,ROADS,15.0
KA_YADGIR,ELECTRICITY,24.0
KA_YADGIR,HEALTH,25.0
KA_YADGIR,EDUCATION,19.0
KA_YADGIR,DIGITAL,15.0
KA_YADGIR,HOUSING,26.0
KA_YADGIR,IRRIGATION,14.0
KA_YADGIR,TRANSPORT,10.0
KA_UTTARA_KANNADA,WATER_SUPPLY,75.0
KA_UTTARA_KANNADA,SANITATION,62.0
KA_UTTARA_KANNADA,ROADS,53.0
KA_UTTARA_KANNADA,ELECTRICITY,68.0
KA_UTTARA_KANNADA,HEALTH,53.0
KA_UTTARA_KANNADA,EDUCATION,64.0
KA_UTTARA_KANNADA,DIGITAL,68.0
KA_UTTARA_KANNADA,HOUSING,51.0
KA_UTTARA_KANNADA,IRRIGATION,56.0
KA_UTTARA_KANNADA,TRANSPORT,51.0
KA_CHITRADURGA,WATER_SUPPLY,41.8
KA_CHITRADURGA,SANITATION,35.8
KA_CHITRADURGA,ROADS,55.8
KA_CHITRADURGA,ELECTRICITY,42.8
KA_CHITRADURGA,HEALTH,57.8
KA_CHITRADURGA,EDUCATION,40.8
KA_CHITRADURGA,DIGITAL,41.8
KA_CHITRADURGA,HOUSING,54.8
KA_CHITRADURGA,IRRIGATION,50.8
KA_CHITRADURGA,TRANSPORT,44.8
KA_KOLAR,WATER_SUPPLY,40.4
KA_KOLAR,SANITATION,46.4
KA_KOLAR,ROADS,49.4
KA_KOLAR,ELECTRICITY,59.4
KA_KOLAR,HEALTH,49.4
KA_KOLAR,EDUCATION,60.4
KA_KOLAR,DIGITAL,46.4
KA_KOLAR,HOUSING,46.4
KA_KOLAR,IRRIGATION,57.4
KA_KOLAR,TRANSPORT,54.4
KA_RAMANAGARA,WATER_SUPPLY,43.7
KA_RAMANAGARA,SANITATION,48.7
KA_RAMANAGARA,ROADS,48.7
KA_RAMANAGARA,ELECTRICITY,51.7
KA_RAMANAGARA,HEALTH,44.7
KA_RAMANAGARA,EDUCATION,46.7
KA_RAMANAGARA,DIGITAL,57.7
KA_RAMANAGARA,HOUSING,52.7
KA_RAMANAGARA,IRRIGATION,38.7
KA_RAMANAGARA,TRANSPORT,48.7
KA_CHIKKAMAGALURU,WATER_SUPPLY,55.6
KA_CHIKKAMAGALURU,SANITATION,53.6
KA_CHIKKAMAGALURU,ROADS,56.6
KA_CHIKKAMAGALURU,ELECTRICITY,45.6
KA_CHIKKAMAGALURU,HEALTH,55.6
KA_CHIKKAMAGALURU,EDUCATION,53.6
KA_CHIKKAMAGALURU,DIGITAL,67.6
KA_CHIKKAMAGALURU,HOUSING,60.6
KA_CHIKKAMAGALURU,IRRIGATION,56.6
KA_CHIKKAMAGALURU,TRANSPORT,59.6
KA_KODAGU,WATER_SUPPLY,65.9
KA_KODAGU,SANITATION,66.9
KA_KODAGU,ROADS,70.9
KA_KODAGU,ELECTRICITY,68.9
KA_KODAGU,HEALTH,54.9
KA_KODAGU,EDUCATION,58.9
KA_KODAGU,DIGITAL,66.9
KA_KODAGU,HOUSING,68.9
KA_KODAGU,IRRIGATION,58.9
KA_KODAGU,TRANSPORT,57.9
KL_ERNAKULAM,WATER_SUPPLY,74.5
KL_ERNAKULAM,SANITATION,70.5
KL_ERNAKULAM,ROADS,66.5
KL_ERNAKULAM,ELECTRICITY,80.5
KL_ERNAKULAM,HEALTH,74.5
KL_ERNAKULAM,EDUCATION,66.5
KL_ERNAKULAM,DIGITAL,73.5
KL_ERNAKULAM,HOUSING,84.5
KL_ERNAKULAM,IRRIGATION,82.5
KL_ERNAKULAM,TRANSPORT,77.5
KL_THIRUVANANTHAPURAM,WATER_SUPPLY,67.8
KL_THIRUVANANTHAPURAM,SANITATION,64.8
KL_THIRUVANANTHAPURAM,ROADS,76.8
KL_THIRUVANANTHAPURAM,ELECTRICITY,66.8
KL_THIRUVANANTHAPURAM,HEALTH,75.8
KL_THIRUVANANTHAPURAM,EDUCATION,76.8
KL_THIRUVANANTHAPURAM,DIGITAL,66.8
KL_THIRUVANANTHAPURAM,HOUSING,74.8
KL_THIRUVANANTHAPURAM,IRRIGATION,69.8
KL_THIRUVANANTHAPURAM,TRANSPORT,80.8
KL_KOZHIKODE,WATER_SUPPLY,74.9
KL_KOZHIKODE,SANITATION,84.9
KL_KOZHIKODE,ROADS,64.9
KL_KOZHIKODE,ELECTRICITY,66.9
KL_KOZHIKODE,HEALTH,67.9
KL_KOZHIKODE,EDUCATION,75.9
KL_KOZHIKODE,DIGITAL,83.9
KL_KOZHIKODE,HOUSING,66.9
KL_KOZHIKODE,IRRIGATION,61.9
KL_KOZHIKODE,TRANSPORT,81.9
KL_THRISSUR,WATER_SUPPLY,60.0
KL_THRISSUR,SANITATION,60.0
KL_THRISSUR,ROADS,63.0
KL_THRISSUR,ELECTRICITY,63.0
KL_THRISSUR,HEALTH,77.0
KL_THRISSUR,EDUCATION,63.0
KL_THRISSUR,DIGITAL,68.0
KL_THRISSUR,HOUSING,63.0
KL_THRISSUR,IRRIGATION,73.0
KL_THRISSUR,TRANSPORT,69.0
KL_KOLLAM,WATER_SUPPLY,78.3
KL_KOLLAM,SANITATION,66.3
KL_KOLLAM,ROADS,79.3
KL_KOLLAM,ELECTRICITY,59.3
KL_KOLLAM,HEALTH,69.3
KL_KOLLAM,EDUCATION,68.3
KL_KOLLAM,DIGITAL,61.3
KL_KOLLAM,HOUSING,80.3
KL_KOLLAM,IRRIGATION,70.3
KL_KOLLAM,TRANSPORT,79.3
KL_KANNUR,WATER_SUPPLY,78.1
KL_KANNUR,SANITATION,68.1
KL_KANNUR,ROADS,63.1
KL_KANNUR,ELECTRICITY,65.1
KL_KANNUR,HEALTH,59.1
KL_KANNUR,EDUCATION,65.1
KL_KANNUR,DIGITAL,75.1
KL_KANNUR,HOUSING,81.1
KL_KANNUR,IRRIGATION,78.1
KL_KANNUR,TRANSPORT,83.1
KL_ALAPPUZHA,WATER_SUPPLY,80.4
KL_ALAPPUZHA,SANITATION,71.4
KL_ALAPPUZHA,ROADS,67.4
KL_ALAPPUZHA,ELECTRICITY,66.4
KL_ALAPPUZHA,HEALTH,74.4
KL_ALAPPUZHA,EDUCATION,60.4
KL_ALAPPUZHA,DIGITAL,75.4
KL_ALAPPUZHA,HOUSING,66.4
KL_ALAPPUZHA,IRRIGATION,57.4
KL_ALAPPUZHA,TRANSPORT,76.4
KL_KOTTAYAM,WATER_SUPPLY,72.6
KL_KOTTAYAM,SANITATION,68.6
KL_KOTTAYAM,ROADS,63.6
KL_KOTTAYAM,ELECTRICITY,75.6
KL_KOTTAYAM,HEALTH,77.6
KL_KOTTAYAM,EDUCATION,83.6
KL_KOTTAYAM,DIGITAL,82.6
KL_KOTTAYAM,HOUSING,76.6
KL_KOTTAYAM,IRRIGATION,87.6
KL_KOTTAYAM,TRANSPORT,75.6
KL_MALAPPURAM,WATER_SUPPLY,75.6
KL_MALAPPURAM,SANITATION,64.6
KL_MALAPPURAM,ROADS,72.6
KL_MALAPPURAM,ELECTRICITY,74.6
KL_MALAPPURAM,HEALTH,76.6
KL_MALAPPURAM,EDUCATION,67.6
KL_MALAPPURAM,DIGITAL,60.6
KL_MALAPPURAM,HOUSING,56.6
KL_MALAPPURAM,IRRIGATION,60.6
KL_MALAPPURAM,TRANSPORT,68.6
KL_PALAKKAD,WATER_SUPPLY,54.3
KL_PALAKKAD,SANITATION,64.3
KL_PALAKKAD,ROADS,60.3
KL_PALAKKAD,ELECTRICITY,69.3
KL_PALAKKAD,HEALTH,70.3
KL_PALAKKAD,EDUCATION,57.3
KL_PALAKKAD,DIGITAL,63.3
KL_PALAKKAD,HOUSING,55.3
KL_PALAKKAD,IRRIGATION,50.3
KL_PALAKKAD,TRANSPORT,48.3
KL_WAYANAD,WATER_SUPPLY,71.0
KL_WAYANAD,SANITATION,68.0
KL_WAYANAD,ROADS,70.0
KL_WAYANAD,ELECTRICITY,55.0
KL_WAYANAD,HEALTH,65.0
KL_WAYANAD,EDUCATION,52.0
KL_WAYANAD,DIGITAL,54.0
KL_WAYANAD,HOUSING,62.0
KL_WAYANAD,IRRIGATION,64.0
KL_WAYANAD,TRANSPORT,57.0
KL_KASARAGOD,WATER_SUPPLY,56.9
KL_KASARAGOD,SANITATION,72.9
KL_KASARAGOD,ROADS,60.9
KL_KASARAGOD,ELECTRICITY,70.9
KL_KASARAGOD,HEALTH,52.9
KL_KASARAGOD,EDUCATION,53.9
KL_KASARAGOD,DIGITAL,64.9
KL_KASARAGOD,HOUSING,62.9
KL_KASARAGOD,IRRIGATION,62.9
KL_KASARAGOD,TRANSPORT,69.9
KL_PATHANAMTHITTA,WATER_SUPPLY,64.7
KL_PATHANAMTHITTA,SANITATION,72.7
KL_PATHANAMTHITTA,ROADS,62.7
KL_PATHANAMTHITTA,ELECTRICITY,84.7
KL_PATHANAMTHITTA,HEALTH,78.7
KL_PATHANAMTHITTA,EDUCATION,83.7
KL_PATHANAMTHITTA,DIGITAL,68.7
KL_PATHANAMTHITTA,HOUSING,64.7
KL_PATHANAMTHITTA,IRRIGATION,81.7
KL_PATHANAMTHITTA,TRANSPORT,82.7
KL_IDUKKI,WATER_SUPPLY,68.1
KL_IDUKKI,SANITATION,59.1
KL_IDUKKI,ROADS,70.1
KL_IDUKKI,ELECTRICITY,57.1
KL_IDUKKI,HEALTH,61.1
KL_IDUKKI,EDUCATION,60.1
KL_IDUKKI,DIGITAL,50.1
KL_IDUKKI,HOUSING,54.1
KL_IDUKKI,IRRIGATION,65.1
KL_IDUKKI,TRANSPORT,63.1
MH_MUMBAI_CITY,WATER_SUPPLY,68.8
MH_MUMBAI_CITY,SANITATION,64.8
MH_MUMBAI_CITY,ROADS,81.8
MH_MUMBAI_CITY,ELECTRICITY,83.8
MH_MUMBAI_CITY,HEALTH,81.8
MH_MUMBAI_CITY,EDUCATION,62.8
MH_MUMBAI_CITY,DIGITAL,77.8
MH_MUMBAI_CITY,HOUSING,62.8
MH_MUMBAI_CITY,IRRIGATION,74.8
MH_MUMBAI_CITY,TRANSPORT,65.8
MH_MUMBAI_SUB,WATER_SUPPLY,69.6
MH_MUMBAI_SUB,SANITATION,75.6
MH_MUMBAI_SUB,ROADS,86.6
MH_MUMBAI_SUB,ELECTRICITY,73.6
MH_MUMBAI_SUB,HEALTH,77.6
MH_MUMBAI_SUB,EDUCATION,76.6
MH_MUMBAI_SUB,DIGITAL,71.6
MH_MUMBAI_SUB,HOUSING,72.6
MH_MUMBAI_SUB,IRRIGATION,67.6
MH_MUMBAI_SUB,TRANSPORT,73.6
MH_PUNE,WATER_SUPPLY,64.9
MH_PUNE,SANITATION,65.9
MH_PUNE,ROADS,83.9
MH_PUNE,ELECTRICITY,84.9
MH_PUNE,HEALTH,77.9
MH_PUNE,EDUCATION,73.9
MH_PUNE,DIGITAL,84.9
MH_PUNE,HOUSING,71.9
MH_PUNE,IRRIGATION,67.9
MH_PUNE,TRANSPORT,80.9
MH_THANE,WATER_SUPPLY,79.2
MH_THANE,SANITATION,77.2
MH_THANE,ROADS,67.2
MH_THANE,ELECTRICITY,78.2
MH_THANE,HEALTH,70.2
MH_THANE,EDUCATION,62.2
MH_THANE,DIGITAL,62.2
MH_THANE,HOUSING,62.2
MH_THANE,IRRIGATION,60.2
MH_THANE,TRANSPORT,61.2
MH_NAGPUR,WATER_SUPPLY,58.7
MH_NAGPUR,SANITATION,58.7
MH_NAGPUR,ROADS,74.7
MH_NAGPUR,ELECTRICITY,63.7
MH_NAGPUR,HEALTH,66.7
MH_NAGPUR,EDUCATION,58.7
MH_NAGPUR,DIGITAL,68.7
MH_NAGPUR,HOUSING,65.7
MH_NAGPUR,IRRIGATION,70.7
MH_NAGPUR,TRANSPORT,63.7
MH_NASHIK,WATER_SUPPLY,65.5
MH_NASHIK,SANITATION,59.5
MH_NASHIK,ROADS,49.5
MH_NASHIK,ELECTRICITY,61.5
MH_NASHIK,HEALTH,47.5
MH_NASHIK,EDUCATION,50.5
MH_NASHIK,DIGITAL,47.5
MH_NASHIK,HOUSING,63.5
MH_NASHIK,IRRIGATION,65.5
MH_NASHIK,TRANSPORT,51.5
MH_RAIGAD,WATER_SUPPLY,76.8
MH_RAIGAD,SANITATION,70.8
MH_RAIGAD,ROADS,58.8
MH_RAIGAD,ELECTRICITY,64.8
MH_RAIGAD,HEALTH,59.8
MH_RAIGAD,EDUCATION,65.8
MH_RAIGAD,DIGITAL,74.8
MH_RAIGAD,HOUSING,57.8
MH_RAIGAD,IRRIGATION,54.8
MH_RAIGAD,TRANSPORT,67.8
MH_AURANGABAD,WATER_SUPPLY,44.8
MH_AURANGABAD,SANITATION,63.8
MH_AURANGABAD,ROADS,46.8
MH_AURANGABAD,ELECTRICITY,57.8
MH_AURANGABAD,HEALTH,47.8
MH_AURANGABAD,EDUCATION,43.8
MH_AURANGABAD,DIGITAL,67.8
MH_AURANGABAD,HOUSING,57.8
MH_AURANGABAD,IRRIGATION,61.8
MH_AURANGABAD,TRANSPORT,46.8
MH_SOLAPUR,WATER_SUPPLY,58.2
MH_SOLAPUR,SANITATION,50.2
MH_SOLAPUR,ROADS,40.2
MH_SOLAPUR,ELECTRICITY,44.2
MH_SOLAPUR,HEALTH,43.2
MH_SOLAPUR,EDUCATION,41.2
MH_SOLAPUR,DIGITAL,57.2
MH_SOLAPUR,HOUSING,40.2
MH_SOLAPUR,IRRIGATION,57.2
MH_SOLAPUR,TRANSPORT,47.2
MH_KOLHAPUR,WATER_SUPPLY,56.4
MH_KOLHAPUR,SANITATION,54.4
MH_KOLHAPUR,ROADS,53.4
MH_KOLHAPUR,ELECTRICITY,61.4
MH_KOLHAPUR,HEALTH,50.4
MH_KOLHAPUR,EDUCATION,63.4
MH_KOLHAPUR,DIGITAL,61.4
MH_KOLHAPUR,HOUSING,47.4
MH_KOLHAPUR,IRRIGATION,56.4
MH_KOLHAPUR,TRANSPORT,65.4
MH_AMRAVATI,WATER_SUPPLY,70.3
MH_AMRAVATI,SANITATION,69.3
MH_AMRAVATI,ROADS,61.3
MH_AMRAVATI,ELECTRICITY,61.3
MH_AMRAVATI,HEALTH,57.3
MH_AMRAVATI,EDUCATION,60.3
MH_AMRAVATI,DIGITAL,64.3
MH_AMRAVATI,HOUSING,65.3
MH_AMRAVATI,IRRIGATION,66.3
MH_AMRAVATI,TRANSPORT,69.3
MH_NANDED,WATER_SUPPLY,34.9
MH_NANDED,SANITATION,47.9
MH_NANDED,ROADS,38.9
MH_NANDED,ELECTRICITY,33.9
MH_NANDED,HEALTH,44.9
MH_NANDED,EDUCATION,52.9
MH_NANDED,DIGITAL,42.9
MH_NANDED,HOUSING,56.9
MH_NANDED,IRRIGATION,54.9
MH_NANDED,TRANSPORT,34.9
MH_SANGLI,WATER_SUPPLY,65.5
MH_SANGLI,SANITATION,48.5
MH_SANGLI,ROADS,54.5
MH_SANGLI,ELECTRICITY,64.5
MH_SANGLI,HEALTH,52.5
MH_SANGLI,EDUCATION,57.5
MH_SANGLI,DIGITAL,70.5
MH_SANGLI,HOUSING,52.5
MH_SANGLI,IRRIGATION,54.5
MH_SANGLI,TRANSPORT,53.5
MH_JALGAON,WATER_SUPPLY,54.3
MH_JALGAON,SANITATION,54.3
MH_JALGAON,ROADS,56.3
MH_JALGAON,ELECTRICITY,55.3
MH_JALGAON,HEALTH,42.3
MH_JALGAON,EDUCATION,63.3
MH_JALGAON,DIGITAL,61.3
MH_JALGAON,HOUSING,40.3
MH_JALGAON,IRRIGATION,55.3
MH_JALGAON,TRANSPORT,48.3
MH_AKOLA,WATER_SUPPLY,58.2
MH_AKOLA,SANITATION,51.2
MH_AKOLA,ROADS,57.2
MH_AKOLA,ELECTRICITY,72.2
MH_AKOLA,HEALTH,51.2
MH_AKOLA,EDUCATION,73.2
MH_AKOLA,DIGITAL,73.2
MH_AKOLA,HOUSING,69.2
MH_AKOLA,IRRIGATION,69.2
MH_AKOLA,TRANSPORT,50.2
MH_LATUR,WATER_SUPPLY,47.4
MH_LATUR,SANITATION,53.4
MH_LATUR,ROADS,40.4
MH_LATUR,ELECTRICITY,55.4
MH_LATUR,HEALTH,43.4
MH_LATUR,EDUCATION,44.4
MH_LATUR,DIGITAL,49.4
MH_LATUR,HOUSING,62.4
MH_LATUR,IRRIGATION,41.4
MH_LATUR,TRANSPORT,41.4
MH_DHULE,WATER_SUPPLY,56.0
MH_DHULE,SANITATION,47.0
MH_DHULE,ROADS,36.0
MH_DHULE,ELECTRICITY,51.0
MH_DHULE,HEALTH,48.0
MH_DHULE,EDUCATION,52.0
MH_DHULE,DIGITAL,39.0
MH_DHULE,HOUSING,40.0
MH_DHULE,IRRIGATION,40.0
MH_DHULE,TRANSPORT,45.0
MH_AHMEDNAGAR,WATER_SUPPLY,56.1
MH_AHMEDNAGAR,SANITATION,65.1
MH_AHMEDNAGAR,ROADS,62.1
MH_AHMEDNAGAR,ELECTRICITY,61.1
MH_AHMEDNAGAR,HEALTH,49.1
MH_AHMEDNAGAR,EDUCATION,49.1
MH_AHMEDNAGAR,DIGITAL,49.1
MH_AHMEDNAGAR,HOUSING,57.1
MH_AHMEDNAGAR,IRRIGATION,46.1
MH_AHMEDNAGAR,TRANSPORT,51.1
MH_CHANDRAPUR,WATER_SUPPLY,57.2
MH_CHANDRAPUR,SANITATION,46.2
MH_CHANDRAPUR,ROADS,44.2
MH_CHANDRAPUR,ELECTRICITY,49.2
MH_CHANDRAPUR,HEALTH,61.2
MH_CHANDRAPUR,EDUCATION,48.2
MH_CHANDRAPUR,DIGITAL,47.2
MH_CHANDRAPUR,HOUSING,47.2
MH_CHANDRAPUR,IRRIGATION,60.2
MH_CHANDRAPUR,TRANSPORT,56.2
MH_NANDURBAR,WATER_SUPPLY,36.0
MH_NANDURBAR,SANITATION,16.0
MH_NANDURBAR,ROADS,26.0
MH_NANDURBAR,ELECTRICITY,21.0
MH_NANDURBAR,HEALTH,28.0
MH_NANDURBAR,EDUCATION,35.0
MH_NANDURBAR,DIGITAL,16.0
MH_NANDURBAR,HOUSING,39.0
MH_NANDURBAR,IRRIGATION,26.0
MH_NANDURBAR,TRANSPORT,25.0
MH_GADCHIROLI,WATER_SUPPLY,26.6
MH_GADCHIROLI,SANITATION,21.6
MH_GADCHIROLI,ROADS,18.6
MH_GADCHIROLI,ELECTRICITY,39.6
MH_GADCHIROLI,HEALTH,38.6
MH_GADCHIROLI,EDUCATION,26.6
MH_GADCHIROLI,DIGITAL,31.6
MH_GADCHIROLI,HOUSING,34.6
MH_GADCHIROLI,IRRIGATION,24.6
MH_GADCHIROLI,TRANSPORT,18.6
MH_OSMANABAD,WATER_SUPPLY,39.9
MH_OSMANABAD,SANITATION,43.9
MH_OSMANABAD,ROADS,49.9
MH_OSMANABAD,ELECTRICITY,34.9
MH_OSMANABAD,HEALTH,54.9
MH_OSMANABAD,EDUCATION,47.9
MH_OSMANABAD,DIGITAL,46.9
MH_OSMANABAD,HOUSING,35.9
MH_OSMANABAD,IRRIGATION,42.9
MH_OSMANABAD,TRANSPORT,42.9
MH_PALGHAR,WATER_SUPPLY,44.8
MH_PALGHAR,SANITATION,52.8
MH_PALGHAR,ROADS,38.8
MH_PALGHAR,ELECTRICITY,43.8
MH_PALGHAR,HEALTH,34.8
MH_PALGHAR,EDUCATION,34.8
MH_PALGHAR,DIGITAL,44.8
MH_PALGHAR,HOUSING,55.8
MH_PALGHAR,IRRIGATION,48.8
MH_PALGHAR,TRANSPORT,48.8
MH_SATARA,WATER_SUPPLY,72.3
MH_SATARA,SANITATION,67.3
MH_SATARA,ROADS,50.3
MH_SATARA,ELECTRICITY,64.3
MH_SATARA,HEALTH,52.3
MH_SATARA,EDUCATION,50.3
MH_SATARA,DIGITAL,67.3
MH_SATARA,HOUSING,53.3
MH_SATARA,IRRIGATION,68.3
MH_SATARA,TRANSPORT,48.3
DL_NEW_DELHI,WATER_SUPPLY,71.3
DL_NEW_DELHI,SANITATION,75.3
DL_NEW_DELHI,ROADS,76.3
DL_NEW_DELHI,ELECTRICITY,71.3
DL_NEW_DELHI,HEALTH,90.3
DL_NEW_DELHI,EDUCATION,76.3
DL_NEW_DELHI,DIGITAL,67.3
DL_NEW_DELHI,HOUSING,74.3
DL_NEW_DELHI,IRRIGATION,89.3
DL_NEW_DELHI,TRANSPORT,84.3
DL_CENTRAL_DELHI,WATER_SUPPLY,62.0
DL_CENTRAL_DELHI,SANITATION,70.0
DL_CENTRAL_DELHI,ROADS,63.0
DL_CENTRAL_DELHI,ELECTRICITY,62.0
DL_CENTRAL_DELHI,HEALTH,81.0
DL_CENTRAL_DELHI,EDUCATION,65.0
DL_CENTRAL_DELHI,DIGITAL,64.0
DL_CENTRAL_DELHI,HOUSING,83.0
DL_CENTRAL_DELHI,IRRIGATION,66.0
DL_CENTRAL_DELHI,TRANSPORT,69.0
DL_SOUTH_DELHI,WATER_SUPPLY,66.7
DL_SOUTH_DELHI,SANITATION,70.7
DL_SOUTH_DELHI,ROADS,74.7
DL_SOUTH_DELHI,ELECTRICITY,72.7
DL_SOUTH_DELHI,HEALTH,69.7
DL_SOUTH_DELHI,EDUCATION,76.7
DL_SOUTH_DELHI,DIGITAL,73.7
DL_SOUTH_DELHI,HOUSING,63.7
DL_SOUTH_DELHI,IRRIGATION,80.7
DL_SOUTH_DELHI,TRANSPORT,85.7
DL_NORTH_WEST_DELHI,WATER_SUPPLY,60.6
DL_NORTH_WEST_DELHI,SANITATION,61.6
DL_NORTH_WEST_DELHI,ROADS,67.6
DL_NORTH_WEST_DELHI,ELECTRICITY,73.6
DL_NORTH_WEST_DELHI,HEALTH,57.6
DL_NORTH_WEST_DELHI,EDUCATION,71.6
DL_NORTH_WEST_DELHI,DIGITAL,70.6
DL_NORTH_WEST_DELHI,HOUSING,62.6
DL_NORTH_WEST_DELHI,IRRIGATION,77.6
DL_NORTH_WEST_DELHI,TRANSPORT,66.6
DL_EAST_DELHI,WATER_SUPPLY,76.8
DL_EAST_DELHI,SANITATION,78.8
DL_EAST_DELHI,ROADS,61.8
DL_EAST_DELHI,ELECTRICITY,80.8
DL_EAST_DELHI,HEALTH,83.8
DL_EAST_DELHI,EDUCATION,79.8
DL_EAST_DELHI,DIGITAL,76.8
DL_EAST_DELHI,HOUSING,73.8
DL_EAST_DELHI,IRRIGATION,62.8
DL_EAST_DELHI,TRANSPORT,71.8
DL_WEST_DELHI,WATER_SUPPLY,76.0
DL_WEST_DELHI,SANITATION,84.0
DL_WEST_DELHI,ROADS,81.0
DL_WEST_DELHI,ELECTRICITY,65.0
DL_WEST_DELHI,HEALTH,72.0
DL_WEST_DELHI,EDUCATION,80.0
DL_WEST_DELHI,DIGITAL,84.0
DL_WEST_DELHI,HOUSING,67.0
DL_WEST_DELHI,IRRIGATION,65.0
DL_WEST_DELHI,TRANSPORT,77.0
AP_VISAKHAPATNAM,WATER_SUPPLY,51.9
AP_VISAKHAPATNAM,SANITATION,59.9
AP_VISAKHAPATNAM,ROADS,45.9
AP_VISAKHAPATNAM,ELECTRICITY,63.9
AP_VISAKHAPATNAM,HEALTH,55.9
AP_VISAKHAPATNAM,EDUCATION,59.9
AP_VISAKHAPATNAM,DIGITAL,46.9
AP_VISAKHAPATNAM,HOUSING,52.9
AP_VISAKHAPATNAM,IRRIGATION,45.9
AP_VISAKHAPATNAM,TRANSPORT,66.9
AP_NTR,WATER_SUPPLY,61.3
AP_NTR,SANITATION,67.3
AP_NTR,ROADS,60.3
AP_NTR,ELECTRICITY,51.3
AP_NTR,HEALTH,71.3
AP_NTR,EDUCATION,62.3
AP_NTR,DIGITAL,53.3
AP_NTR,HOUSING,55.3
AP_NTR,IRRIGATION,60.3
AP_NTR,TRANSPORT,56.3
AP_GUNTUR,WATER_SUPPLY,59.3
AP_GUNTUR,SANITATION,51.3
AP_GUNTUR,ROADS,44.3
AP_GUNTUR,ELECTRICITY,53.3
AP_GUNTUR,HEALTH,43.3
AP_GUNTUR,EDUCATION,48.3
AP_GUNTUR,DIGITAL,50.3
AP_GUNTUR,HOUSING,41.3
AP_GUNTUR,IRRIGATION,57.3
AP_GUNTUR,TRANSPORT,43.3
AP_TIRUPATI,WATER_SUPPLY,53.9
AP_TIRUPATI,SANITATION,60.9
AP_TIRUPATI,ROADS,44.9
AP_TIRUPATI,ELECTRICITY,44.9
AP_TIRUPATI,HEALTH,46.9
AP_TIRUPATI,EDUCATION,58.9
AP_TIRUPATI,DIGITAL,53.9
AP_TIRUPATI,HOUSING,48.9
AP_TIRUPATI,IRRIGATION,42.9
AP_TIRUPATI,TRANSPORT,63.9
AP_KURNOOL,WATER_SUPPLY,45.4
AP_KURNOOL,SANITATION,39.4
AP_KURNOOL,ROADS,44.4
AP_KURNOOL,ELECTRICITY,50.4
AP_KURNOOL,HEALTH,29.4
AP_KURNOOL,EDUCATION,52.4
AP_KURNOOL,DIGITAL,29.4
AP_KURNOOL,HOUSING,47.4
AP_KURNOOL,IRRIGATION,45.4
AP_KURNOOL,TRANSPORT,53.4
AP_SPSR_NELLORE,WATER_SUPPLY,39.5
AP_SPSR_NELLORE,SANITATION,50.5
AP_SPSR_NELLORE,ROADS,37.5
AP_SPSR_NELLORE,ELECTRICITY,42.5
AP_SPSR_NELLORE,HEALTH,53.5
AP_SPSR_NELLORE,EDUCATION,51.5
AP_SPSR_NELLORE,DIGITAL,37.5
AP_SPSR_NELLORE,HOUSING,47.5
AP_SPSR_NELLORE,IRRIGATION,45.5
AP_SPSR_NELLORE,TRANSPORT,46.5
AP_KAKINADA,WATER_SUPPLY,60.1
AP_KAKINADA,SANITATION,64.1
AP_KAKINADA,ROADS,60.1
AP_KAKINADA,ELECTRICITY,41.1
AP_KAKINADA,HEALTH,46.1
AP_KAKINADA,EDUCATION,60.1
AP_KAKINADA,DIGITAL,63.1
AP_KAKINADA,HOUSING,50.1
AP_KAKINADA,IRRIGATION,57.1
AP_KAKINADA,TRANSPORT,43.1
AP_EAST_GODAVARI,WATER_SUPPLY,61.2
AP_EAST_GODAVARI,SANITATION,57.2
AP_EAST_GODAVARI,ROADS,52.2
AP_EAST_GODAVARI,ELECTRICITY,58.2
AP_EAST_GODAVARI,HEALTH,42.2
AP_EAST_GODAVARI,EDUCATION,60.2
AP_EAST_GODAVARI,DIGITAL,64.2
AP_EAST_GODAVARI,HOUSING,43.2
AP_EAST_GODAVARI,IRRIGATION,41.2
AP_EAST_GODAVARI,TRANSPORT,44.2
AP_VIZIANAGARAM,WATER_SUPPLY,37.6
AP_VIZIANAGARAM,SANITATION,28.6
AP_VIZIANAGARAM,ROADS,27.6
AP_VIZIANAGARAM,ELECTRICITY,19.6
AP_VIZIANAGARAM,HEALTH,33.6
AP_VIZIANAGARAM,EDUCATION,34.6
AP_VIZIANAGARAM,DIGITAL,21.6
AP_VIZIANAGARAM,HOUSING,34.6
AP_VIZIANAGARAM,IRRIGATION,29.6
AP_VIZIANAGARAM,TRANSPORT,20.6
AP_ANANTAPUR,WATER_SUPPLY,49.2
AP_ANANTAPUR,SANITATION,35.2
AP_ANANTAPUR,ROADS,37.2
AP_ANANTAPUR,ELECTRICITY,50.2
AP_ANANTAPUR,HEALTH,49.2
AP_ANANTAPUR,EDUCATION,50.2
AP_ANANTAPUR,DIGITAL,50.2
AP_ANANTAPUR,HOUSING,54.2
AP_ANANTAPUR,IRRIGATION,37.2
AP_ANANTAPUR,TRANSPORT,42.2
AP_YSR_KADAPA,WATER_SUPPLY,47.9
AP_YSR_KADAPA,SANITATION,46.9
AP_YSR_KADAPA,ROADS,36.9
AP_YSR_KADAPA,ELECTRICITY,44.9
AP_YSR_KADAPA,HEALTH,44.9
AP_YSR_KADAPA,EDUCATION,43.9
AP_YSR_KADAPA,DIGITAL,53.9
AP_YSR_KADAPA,HOUSING,42.9
AP_YSR_KADAPA,IRRIGATION,47.9
AP_YSR_KADAPA,TRANSPORT,52.9
TG_HYDERABAD,WATER_SUPPLY,63.8
TG_HYDERABAD,SANITATION,78.8
TG_HYDERABAD,ROADS,69.8
TG_HYDERABAD,ELECTRICITY,69.8
TG_HYDERABAD,HEALTH,69.8
TG_HYDERABAD,EDUCATION,83.8
TG_HYDERABAD,DIGITAL,73.8
TG_HYDERABAD,HOUSING,76.8
TG_HYDERABAD,IRRIGATION,77.8
TG_HYDERABAD,TRANSPORT,70.8
TG_WARANGAL,WATER_SUPPLY,67.8
TG_WARANGAL,SANITATION,49.8
TG_WARANGAL,ROADS,62.8
TG_WARANGAL,ELECTRICITY,67.8
TG_WARANGAL,HEALTH,62.8
TG_WARANGAL,EDUCATION,55.8
TG_WARANGAL,DIGITAL,59.8
TG_WARANGAL,HOUSING,50.8
TG_WARANGAL,IRRIGATION,55.8
TG_WARANGAL,TRANSPORT,53.8
TG_HANUMAKONDA,WATER_SUPPLY,55.6
TG_HANUMAKONDA,SANITATION,48.6
TG_HANUMAKONDA,ROADS,66.6
TG_HANUMAKONDA,ELECTRICITY,66.6
TG_HANUMAKONDA,HEALTH,52.6
TG_HANUMAKONDA,EDUCATION,46.6
TG_HANUMAKONDA,DIGITAL,46.6
TG_HANUMAKONDA,HOUSING,57.6
TG_HANUMAKONDA,IRRIGATION,60.6
TG_HANUMAKONDA,TRANSPORT,54.6
TG_NIZAMABAD,WATER_SUPPLY,35.6
TG_NIZAMABAD,SANITATION,34.6
TG_NIZAMABAD,ROADS,43.6
TG_NIZAMABAD,ELECTRICITY,39.6
TG_NIZAMABAD,HEALTH,30.6
TG_NIZAMABAD,EDUCATION,37.6
TG_NIZAMABAD,DIGITAL,42.6
TG_NIZAMABAD,HOUSING,30.6
TG_NIZAMABAD,IRRIGATION,51.6
TG_NIZAMABAD,TRANSPORT,48.6
TG_KARIMNAGAR,WATER_SUPPLY,49.6
TG_KARIMNAGAR,SANITATION,53.6
TG_KARIMNAGAR,ROADS,41.6
TG_KARIMNAGAR,ELECTRICITY,57.6
TG_KARIMNAGAR,HEALTH,46.6
TG_KARIMNAGAR,EDUCATION,45.6
TG_KARIMNAGAR,DIGITAL,60.6
TG_KARIMNAGAR,HOUSING,60.6
TG_KARIMNAGAR,IRRIGATION,52.6
TG_KARIMNAGAR,TRANSPORT,41.6
TG_KHAMMAM,WATER_SUPPLY,49.1
TG_KHAMMAM,SANITATION,50.1
TG_KHAMMAM,ROADS,39.1
TG_KHAMMAM,ELECTRICITY,42.1
TG_KHAMMAM,HEALTH,43.1
TG_KHAMMAM,EDUCATION,51.1
TG_KHAMMAM,DIGITAL,36.1
TG_KHAMMAM,HOUSING,33.1
TG_KHAMMAM,IRRIGATION,52.1
TG_KHAMMAM,TRANSPORT,35.1
TG_ADILABAD,WATER_SUPPLY,16.8
TG_ADILABAD,SANITATION,29.8
TG_ADILABAD,ROADS,16.8
TG_ADILABAD,ELECTRICITY,39.8
TG_ADILABAD,HEALTH,16.8
TG_ADILABAD,EDUCATION,24.8
TG_ADILABAD,DIGITAL,22.8
TG_ADILABAD,HOUSING,27.8
TG_ADILABAD,IRRIGATION,16.8
TG_ADILABAD,TRANSPORT,20.8
TG_RANGAREDDY,WATER_SUPPLY,65.8
TG_RANGAREDDY,SANITATION,72.8
TG_RANGAREDDY,ROADS,67.8
TG_RANGAREDDY,ELECTRICITY,56.8
TG_RANGAREDDY,HEALTH,68.8
TG_RANGAREDDY,EDUCATION,72.8
TG_RANGAREDDY,DIGITAL,71.8
TG_RANGAREDDY,HOUSING,64.8
TG_RANGAREDDY,IRRIGATION,72.8
TG_RANGAREDDY,TRANSPORT,59.8
TG_MEDCHAL_MALKAJGIRI,WATER_SUPPLY,70.1
TG_MEDCHAL_MALKAJGIRI,SANITATION,67.1
TG_MEDCHAL_MALKAJGIRI,ROADS,76.1
TG_MEDCHAL_MALKAJGIRI,ELECTRICITY,71.1
TG_MEDCHAL_MALKAJGIRI,HEALTH,80.1
TG_MEDCHAL_MALKAJGIRI,EDUCATION,78.1
TG_MEDCHAL_MALKAJGIRI,DIGITAL,69.1
TG_MEDCHAL_MALKAJGIRI,HOUSING,71.1
TG_MEDCHAL_MALKAJGIRI,IRRIGATION,70.1
TG_MEDCHAL_MALKAJGIRI,TRANSPORT,59.1
UP_LUCKNOW,WATER_SUPPLY,65.6
UP_LUCKNOW,SANITATION,57.6
UP_LUCKNOW,ROADS,78.6
UP_LUCKNOW,ELECTRICITY,75.6
UP_LUCKNOW,HEALTH,63.6
UP_LUCKNOW,EDUCATION,76.6
UP_LUCKNOW,DIGITAL,55.6
UP_LUCKNOW,HOUSING,66.6
UP_LUCKNOW,IRRIGATION,67.6
UP_LUCKNOW,TRANSPORT,55.6
UP_KANPUR_NAGAR,WATER_SUPPLY,56.7
UP_KANPUR_NAGAR,SANITATION,59.7
UP_KANPUR_NAGAR,ROADS,65.7
UP_KANPUR_NAGAR,ELECTRICITY,52.7
UP_KANPUR_NAGAR,HEALTH,48.7
UP_KANPUR_NAGAR,EDUCATION,51.7
UP_KANPUR_NAGAR,DIGITAL,49.7
UP_KANPUR_NAGAR,HOUSING,56.7
UP_KANPUR_NAGAR,IRRIGATION,52.7
UP_KANPUR_NAGAR,TRANSPORT,62.7
UP_VARANASI,WATER_SUPPLY,62.9
UP_VARANASI,SANITATION,54.9
UP_VARANASI,ROADS,56.9
UP_VARANASI,ELECTRICITY,42.9
UP_VARANASI,HEALTH,66.9
UP_VARANASI,EDUCATION,61.9
UP_VARANASI,DIGITAL,64.9
UP_VARANASI,HOUSING,52.9
UP_VARANASI,IRRIGATION,58.9
UP_VARANASI,TRANSPORT,50.9
UP_PRAYAGRAJ,WATER_SUPPLY,57.4
UP_PRAYAGRAJ,SANITATION,40.4
UP_PRAYAGRAJ,ROADS,59.4
UP_PRAYAGRAJ,ELECTRICITY,46.4
UP_PRAYAGRAJ,HEALTH,51.4
UP_PRAYAGRAJ,EDUCATION,44.4
UP_PRAYAGRAJ,DIGITAL,52.4
UP_PRAYAGRAJ,HOUSING,39.4
UP_PRAYAGRAJ,IRRIGATION,39.4
UP_PRAYAGRAJ,TRANSPORT,40.4
UP_AGRA,WATER_SUPPLY,53.3
UP_AGRA,SANITATION,58.3
UP_AGRA,ROADS,40.3
UP_AGRA,ELECTRICITY,61.3
UP_AGRA,HEALTH,52.3
UP_AGRA,EDUCATION,46.3
UP_AGRA,DIGITAL,41.3
UP_AGRA,HOUSING,41.3
UP_AGRA,IRRIGATION,57.3
UP_AGRA,TRANSPORT,42.3
UP_MEERUT,WATER_SUPPLY,60.0
UP_MEERUT,SANITATION,51.0
UP_MEERUT,ROADS,43.0
UP_MEERUT,ELECTRICITY,58.0
UP_MEERUT,HEALTH,46.0
UP_MEERUT,EDUCATION,51.0
UP_MEERUT,DIGITAL,46.0
UP_MEERUT,HOUSING,58.0
UP_MEERUT,IRRIGATION,47.0
UP_MEERUT,TRANSPORT,58.0
UP_GHAZIABAD,WATER_SUPPLY,56.4
UP_GHAZIABAD,SANITATION,70.4
UP_GHAZIABAD,ROADS,78.4
UP_GHAZIABAD,ELECTRICITY,77.4
UP_GHAZIABAD,HEALTH,79.4
UP_GHAZIABAD,EDUCATION,74.4
UP_GHAZIABAD,DIGITAL,67.4
UP_GHAZIABAD,HOUSING,62.4
UP_GHAZIABAD,IRRIGATION,75.4
UP_GHAZIABAD,TRANSPORT,79.4
UP_GAUTAM_BUDDHA_NAGAR,WATER_SUPPLY,60.9
UP_GAUTAM_BUDDHA_NAGAR,SANITATION,64.9
UP_GAUTAM_BUDDHA_NAGAR,ROADS,65.9
UP_GAUTAM_BUDDHA_NAGAR,ELECTRICITY,80.9
UP_GAUTAM_BUDDHA_NAGAR,HEALTH,61.9
UP_GAUTAM_BUDDHA_NAGAR,EDUCATION,65.9
UP_GAUTAM_BUDDHA_NAGAR,DIGITAL,80.9
UP_GAUTAM_BUDDHA_NAGAR,HOUSING,75.9
UP_GAUTAM_BUDDHA_NAGAR,IRRIGATION,63.9
UP_GAUTAM_BUDDHA_NAGAR,TRANSPORT,75.9
UP_BAREILLY,WATER_SUPPLY,44.1
UP_BAREILLY,SANITATION,34.1
UP_BAREILLY,ROADS,41.1
UP_BAREILLY,ELECTRICITY,42.1
UP_BAREILLY,HEALTH,47.1
UP_BAREILLY,EDUCATION,40.1
UP_BAREILLY,DIGITAL,23.1
UP_BAREILLY,HOUSING,33.1
UP_BAREILLY,IRRIGATION,23.1
UP_BAREILLY,TRANSPORT,23.1
UP_ALIGARH,WATER_SUPPLY,53.2
UP_ALIGARH,SANITATION,35.2
UP_ALIGARH,ROADS,32.2
UP_ALIGARH,ELECTRICITY,53.2
UP_ALIGARH,HEALTH,31.2
UP_ALIGARH,EDUCATION,33.2
UP_ALIGARH,DIGITAL,36.2
UP_ALIGARH,HOUSING,47.2
UP_ALIGARH,IRRIGATION,39.2
UP_ALIGARH,TRANSPORT,34.2
UP_MORADABAD,WATER_SUPPLY,27.3
UP_MORADABAD,SANITATION,30.3
UP_MORADABAD,ROADS,35.3
UP_MORADABAD,ELECTRICITY,40.3
UP_MORADABAD,HEALTH,43.3
UP_MORADABAD,EDUCATION,26.3
UP_MORADABAD,DIGITAL,42.3
UP_MORADABAD,HOUSING,29.3
UP_MORADABAD,IRRIGATION,32.3
UP_MORADABAD,TRANSPORT,29.3
UP_GORAKHPUR,WATER_SUPPLY,41.1
UP_GORAKHPUR,SANITATION,45.1
UP_GORAKHPUR,ROADS,46.1
UP_GORAKHPUR,ELECTRICITY,44.1
UP_GORAKHPUR,HEALTH,52.1
UP_GORAKHPUR,EDUCATION,56.1
UP_GORAKHPUR,DIGITAL,56.1
UP_GORAKHPUR,HOUSING,50.1
UP_GORAKHPUR,IRRIGATION,44.1
UP_GORAKHPUR,TRANSPORT,49.1
UP_SAHARANPUR,WATER_SUPPLY,55.0
UP_SAHARANPUR,SANITATION,54.0
UP_SAHARANPUR,ROADS,43.0
UP_SAHARANPUR,ELECTRICITY,53.0
UP_SAHARANPUR,HEALTH,36.0
UP_SAHARANPUR,EDUCATION,39.0
UP_SAHARANPUR,DIGITAL,57.0
UP_SAHARANPUR,HOUSING,35.0
UP_SAHARANPUR,IRRIGATION,51.0
UP_SAHARANPUR,TRANSPORT,44.0
UP_JHANSI,WATER_SUPPLY,49.3
UP_JHANSI,SANITATION,45.3
UP_JHANSI,ROADS,59.3
UP_JHANSI,ELECTRICITY,56.3
UP_JHANSI,HEALTH,57.3
UP_JHANSI,EDUCATION,56.3
UP_JHANSI,DIGITAL,63.3
UP_JHANSI,HOUSING,46.3
UP_JHANSI,IRRIGATION,54.3
UP_JHANSI,TRANSPORT,40.3
UP_MATHURA,WATER_SUPPLY,40.8
UP_MATHURA,SANITATION,52.8
UP_MATHURA,ROADS,51.8
UP_MATHURA,ELECTRICITY,37.8
UP_MATHURA,HEALTH,40.8
UP_MATHURA,EDUCATION,36.8
UP_MATHURA,DIGITAL,46.8
UP_MATHURA,HOUSING,35.8
UP_MATHURA,IRRIGATION,36.8
UP_MATHURA,TRANSPORT,42.8
UP_AYODHYA,WATER_SUPPLY,33.4
UP_AYODHYA,SANITATION,35.4
UP_AYODHYA,ROADS,48.4
UP_AYODHYA,ELECTRICITY,31.4
UP_AYODHYA,HEALTH,37.4
UP_AYODHYA,EDUCATION,51.4
UP_AYODHYA,DIGITAL,30.4
UP_AYODHYA,HOUSING,33.4
UP_AYODHYA,IRRIGATION,44.4
UP_AYODHYA,TRANSPORT,50.4
UP_SHRAVASTI,WATER_SUPPLY,23.0
UP_SHRAVASTI,SANITATION,15.0
UP_SHRAVASTI,ROADS,10.0
UP_SHRAVASTI,ELECTRICITY,21.0
UP_SHRAVASTI,HEALTH,25.0
UP_SHRAVASTI,EDUCATION,10.0
UP_SHRAVASTI,DIGITAL,10.0
UP_SHRAVASTI,HOUSING,17.0
UP_SHRAVASTI,IRRIGATION,18.0
UP_SHRAVASTI,TRANSPORT,12.0
UP_BAHRAICH,WATER_SUPPLY,27.0
UP_BAHRAICH,SANITATION,22.0
UP_BAHRAICH,ROADS,10.0
UP_BAHRAICH,ELECTRICITY,10.0
UP_BAHRAICH,HEALTH,10.0
UP_BAHRAICH,EDUCATION,25.0
UP_BAHRAICH,DIGITAL,11.0
UP_BAHRAICH,HOUSING,10.0
UP_BAHRAICH,IRRIGATION,19.0
UP_BAHRAICH,TRANSPORT,10.0
GJ_AHMEDABAD,WATER_SUPPLY,67.3
GJ_AHMEDABAD,SANITATION,79.3
GJ_AHMEDABAD,ROADS,70.3
GJ_AHMEDABAD,ELECTRICITY,75.3
GJ_AHMEDABAD,HEALTH,57.3
GJ_AHMEDABAD,EDUCATION,60.3
GJ_AHMEDABAD,DIGITAL,79.3
GJ_AHMEDABAD,HOUSING,68.3
GJ_AHMEDABAD,IRRIGATION,60.3
GJ_AHMEDABAD,TRANSPORT,74.3
GJ_SURAT,WATER_SUPPLY,59.1
GJ_SURAT,SANITATION,72.1
GJ_SURAT,ROADS,80.1
GJ_SURAT,ELECTRICITY,63.1
GJ_SURAT,HEALTH,73.1
GJ_SURAT,EDUCATION,81.1
GJ_SURAT,DIGITAL,60.1
GJ_SURAT,HOUSING,80.1
GJ_SURAT,IRRIGATION,69.1
GJ_SURAT,TRANSPORT,66.1
GJ_VADODARA,WATER_SUPPLY,62.1
GJ_VADODARA,SANITATION,59.1
GJ_VADODARA,ROADS,61.1
GJ_VADODARA,ELECTRICITY,61.1
GJ_VADODARA,HEALTH,72.1
GJ_VADODARA,EDUCATION,68.1
GJ_VADODARA,DIGITAL,64.1
GJ_VADODARA,HOUSING,73.1
GJ_VADODARA,IRRIGATION,66.1
GJ_VADODARA,TRANSPORT,62.1
GJ_RAJKOT,WATER_SUPPLY,54.0
GJ_RAJKOT,SANITATION,72.0
GJ_RAJKOT,ROADS,65.0
GJ_RAJKOT,ELECTRICITY,67.0
GJ_RAJKOT,HEALTH,69.0
GJ_RAJKOT,EDUCATION,58.0
GJ_RAJKOT,DIGITAL,65.0
GJ_RAJKOT,HOUSING,68.0
GJ_RAJKOT,IRRIGATION,75.0
GJ_RAJKOT,TRANSPORT,57.0
GJ_BHAVNAGAR,WATER_SUPPLY,58.3
GJ_BHAVNAGAR,SANITATION,51.3
GJ_BHAVNAGAR,ROADS,55.3
GJ_BHAVNAGAR,ELECTRICITY,61.3
GJ_BHAVNAGAR,HEALTH,49.3
GJ_BHAVNAGAR,EDUCATION,55.3
GJ_BHAVNAGAR,DIGITAL,60.3
GJ_BHAVNAGAR,HOUSING,63.3
GJ_BHAVNAGAR,IRRIGATION,53.3
GJ_BHAVNAGAR,TRANSPORT,53.3
GJ_JAMNAGAR,WATER_SUPPLY,45.5
GJ_JAMNAGAR,SANITATION,38.5
GJ_JAMNAGAR,ROADS,44.5
GJ_JAMNAGAR,ELECTRICITY,52.5
GJ_JAMNAGAR,HEALTH,59.5
GJ_JAMNAGAR,EDUCATION,48.5
GJ_JAMNAGAR,DIGITAL,45.5
GJ_JAMNAGAR,HOUSING,48.5
GJ_JAMNAGAR,IRRIGATION,50.5
GJ_JAMNAGAR,TRANSPORT,39.5
GJ_GANDHINAGAR,WATER_SUPPLY,67.5
GJ_GANDHINAGAR,SANITATION,55.5
GJ_GANDHINAGAR,ROADS,57.5
GJ_GANDHINAGAR,ELECTRICITY,63.5
GJ_GANDHINAGAR,HEALTH,75.5
GJ_GANDHINAGAR,EDUCATION,61.5
GJ_GANDHINAGAR,DIGITAL,57.5
GJ_GANDHINAGAR,HOUSING,67.5
GJ_GANDHINAGAR,IRRIGATION,79.5
GJ_GANDHINAGAR,TRANSPORT,60.5
GJ_DAHOD,WATER_SUPPLY,21.2
GJ_DAHOD,SANITATION,25.2
GJ_DAHOD,ROADS,32.2
GJ_DAHOD,ELECTRICITY,13.2
GJ_DAHOD,HEALTH,19.2
GJ_DAHOD,EDUCATION,30.2
GJ_DAHOD,DIGITAL,15.2
GJ_DAHOD,HOUSING,25.2
GJ_DAHOD,IRRIGATION,21.2
GJ_DAHOD,TRANSPORT,29.2
GJ_KUTCH,WATER_SUPPLY,37.8
GJ_KUTCH,SANITATION,53.8
GJ_KUTCH,ROADS,39.8
GJ_KUTCH,ELECTRICITY,46.8
GJ_KUTCH,HEALTH,37.8
GJ_KUTCH,EDUCATION,35.8
GJ_KUTCH,DIGITAL,51.8
GJ_KUTCH,HOUSING,55.8
GJ_KUTCH,IRRIGATION,50.8
GJ_KUTCH,TRANSPORT,45.8
RJ_JAIPUR,WATER_SUPPLY,59.4
RJ_JAIPUR,SANITATION,62.4
RJ_JAIPUR,ROADS,52.4
RJ_JAIPUR,ELECTRICITY,63.4
RJ_JAIPUR,HEALTH,49.4
RJ_JAIPUR,EDUCATION,60.4
RJ_JAIPUR,DIGITAL,48.4
RJ_JAIPUR,HOUSING,65.4
RJ_JAIPUR,IRRIGATION,55.4
RJ_JAIPUR,TRANSPORT,55.4
RJ_JODHPUR,WATER_SUPPLY,51.8
RJ_JODHPUR,SANITATION,48.8
RJ_JODHPUR,ROADS,58.8
RJ_JODHPUR,ELECTRICITY,39.8
RJ_JODHPUR,HEALTH,41.8
RJ_JODHPUR,EDUCATION,46.8
RJ_JODHPUR,DIGITAL,55.8
RJ_JODHPUR,HOUSING,36.8
RJ_JODHPUR,IRRIGATION,44.8
RJ_JODHPUR,TRANSPORT,47.8
RJ_KOTA,WATER_SUPPLY,58.5
RJ_KOTA,SANITATION,52.5
RJ_KOTA,ROADS,57.5
RJ_KOTA,ELECTRICITY,61.5
RJ_KOTA,HEALTH,63.5
RJ_KOTA,EDUCATION,61.5
RJ_KOTA,DIGITAL,59.5
RJ_KOTA,HOUSING,60.5
RJ_KOTA,IRRIGATION,66.5
RJ_KOTA,TRANSPORT,63.5
RJ_BIKANER,WATER_SUPPLY,45.2
RJ_BIKANER,SANITATION,49.2
RJ_BIKANER,ROADS,44.2
RJ_BIKANER,ELECTRICITY,31.2
RJ_BIKANER,HEALTH,53.2
RJ_BIKANER,EDUCATION,38.2
RJ_BIKANER,DIGITAL,45.2
RJ_BIKANER,HOUSING,54.2
RJ_BIKANER,IRRIGATION,52.2
RJ_BIKANER,TRANSPORT,36.2
RJ_AJMER,WATER_SUPPLY,49.4
RJ_AJMER,SANITATION,55.4
RJ_AJMER,ROADS,56.4
RJ_AJMER,ELECTRICITY,60.4
RJ_AJMER,HEALTH,46.4
RJ_AJMER,EDUCATION,52.4
RJ_AJMER,DIGITAL,56.4
RJ_AJMER,HOUSING,45.4
RJ_AJMER,IRRIGATION,62.4
RJ_AJMER,TRANSPORT,46.4
RJ_UDAIPUR,WATER_SUPPLY,50.5
RJ_UDAIPUR,SANITATION,40.5
RJ_UDAIPUR,ROADS,38.5
RJ_UDAIPUR,ELECTRICITY,45.5
RJ_UDAIPUR,HEALTH,30.5
RJ_UDAIPUR,EDUCATION,47.5
RJ_UDAIPUR,DIGITAL,45.5
RJ_UDAIPUR,HOUSING,38.5
RJ_UDAIPUR,IRRIGATION,52.5
RJ_UDAIPUR,TRANSPORT,45.5
RJ_BHILWARA,WATER_SUPPLY,33.7
RJ_BHILWARA,SANITATION,37.7
RJ_BHILWARA,ROADS,37.7
RJ_BHILWARA,ELECTRICITY,26.7
RJ_BHILWARA,HEALTH,31.7
RJ_BHILWARA,EDUCATION,33.7
RJ_BHILWARA,DIGITAL,44.7
RJ_BHILWARA,HOUSING,39.7
RJ_BHILWARA,IRRIGATION,28.7
RJ_BHILWARA,TRANSPORT,45.7
RJ_ALWAR,WATER_SUPPLY,36.6
RJ_ALWAR,SANITATION,49.6
RJ_ALWAR,ROADS,55.6
RJ_ALWAR,ELECTRICITY,58.6
RJ_ALWAR,HEALTH,37.6
RJ_ALWAR,EDUCATION,39.6
RJ_ALWAR,DIGITAL,37.6
RJ_ALWAR,HOUSING,55.6
RJ_ALWAR,IRRIGATION,54.6
RJ_ALWAR,TRANSPORT,48.6
RJ_BARMER,WATER_SUPPLY,18.4
RJ_BARMER,SANITATION,29.4
RJ_BARMER,ROADS,27.4
RJ_BARMER,ELECTRICITY,18.4
RJ_BARMER,HEALTH,13.4
RJ_BARMER,EDUCATION,11.4
RJ_BARMER,DIGITAL,32.4
RJ_BARMER,HOUSING,14.4
RJ_BARMER,IRRIGATION,20.4
RJ_BARMER,TRANSPORT,29.4
RJ_JALORE,WATER_SUPPLY,10.0
RJ_JALORE,SANITATION,23.7
RJ_JALORE,ROADS,10.0
RJ_JALORE,ELECTRICITY,10.0
RJ_JALORE,HEALTH,12.7
RJ_JALORE,EDUCATION,32.7
RJ_JALORE,DIGITAL,25.7
RJ_JALORE,HOUSING,11.7
RJ_JALORE,IRRIGATION,32.7
RJ_JALORE,TRANSPORT,18.7
RJ_BANSWARA,WATER_SUPPLY,13.5
RJ_BANSWARA,SANITATION,15.5
RJ_BANSWARA,ROADS,28.5
RJ_BANSWARA,ELECTRICITY,12.5
RJ_BANSWARA,HEALTH,11.5
RJ_BANSWARA,EDUCATION,17.5
RJ_BANSWARA,DIGITAL,17.5
RJ_BANSWARA,HOUSING,17.5
RJ_BANSWARA,IRRIGATION,11.5
RJ_BANSWARA,TRANSPORT,31.5
MP_BHOPAL,WATER_SUPPLY,63.2
MP_BHOPAL,SANITATION,71.2
MP_BHOPAL,ROADS,70.2
MP_BHOPAL,ELECTRICITY,61.2
MP_BHOPAL,HEALTH,57.2
MP_BHOPAL,EDUCATION,59.2
MP_BHOPAL,DIGITAL,69.2
MP_BHOPAL,HOUSING,51.2
MP_BHOPAL,IRRIGATION,67.2
MP_BHOPAL,TRANSPORT,56.2
MP_INDORE,WATER_SUPPLY,51.0
MP_INDORE,SANITATION,66.0
MP_INDORE,ROADS,69.0
MP_INDORE,ELECTRICITY,61.0
MP_INDORE,HEALTH,59.0
MP_INDORE,EDUCATION,59.0
MP_INDORE,DIGITAL,72.0
MP_INDORE,HOUSING,71.0
MP_INDORE,IRRIGATION,69.0
MP_INDORE,TRANSPORT,60.0
MP_JABALPUR,WATER_SUPPLY,68.3
MP_JABALPUR,SANITATION,57.3
MP_JABALPUR,ROADS,70.3
MP_JABALPUR,ELECTRICITY,54.3
MP_JABALPUR,HEALTH,64.3
MP_JABALPUR,EDUCATION,60.3
MP_JABALPUR,DIGITAL,63.3
MP_JABALPUR,HOUSING,65.3
MP_JABALPUR,IRRIGATION,65.3
MP_JABALPUR,TRANSPORT,60.3
MP_GWALIOR,WATER_SUPPLY,58.7
MP_GWALIOR,SANITATION,57.7
MP_GWALIOR,ROADS,65.7
MP_GWALIOR,ELECTRICITY,49.7
MP_GWALIOR,HEALTH,62.7
MP_GWALIOR,EDUCATION,57.7
MP_GWALIOR,DIGITAL,53.7
MP_GWALIOR,HOUSING,62.7
MP_GWALIOR,IRRIGATION,57.7
MP_GWALIOR,TRANSPORT,51.7
MP_UJJAIN,WATER_SUPPLY,37.6
MP_UJJAIN,SANITATION,43.6
MP_UJJAIN,ROADS,40.6
MP_UJJAIN,ELECTRICITY,55.6
MP_UJJAIN,HEALTH,40.6
MP_UJJAIN,EDUCATION,42.6
MP_UJJAIN,DIGITAL,37.6
MP_UJJAIN,HOUSING,52.6
MP_UJJAIN,IRRIGATION,40.6
MP_UJJAIN,TRANSPORT,50.6
MP_SAGAR,WATER_SUPPLY,41.5
MP_SAGAR,SANITATION,52.5
MP_SAGAR,ROADS,48.5
MP_SAGAR,ELECTRICITY,44.5
MP_SAGAR,HEALTH,50.5
MP_SAGAR,EDUCATION,61.5
MP_SAGAR,DIGITAL,42.5
MP_SAGAR,HOUSING,47.5
MP_SAGAR,IRRIGATION,52.5
MP_SAGAR,TRANSPORT,51.5
MP_ALIRAJPUR,WATER_SUPPLY,10.0
MP_ALIRAJPUR,SANITATION,17.0
MP_ALIRAJPUR,ROADS,10.0
MP_ALIRAJPUR,ELECTRICITY,13.0
MP_ALIRAJPUR,HEALTH,16.0
MP_ALIRAJPUR,EDUCATION,10.0
MP_ALIRAJPUR,DIGITAL,20.0
MP_ALIRAJPUR,HOUSING,25.0
MP_ALIRAJPUR,IRRIGATION,23.0
MP_ALIRAJPUR,TRANSPORT,19.0
MP_JHABUA,WATER_SUPPLY,13.0
MP_JHABUA,SANITATION,10.0
MP_JHABUA,ROADS,12.0
MP_JHABUA,ELECTRICITY,20.0
MP_JHABUA,HEALTH,15.0
MP_JHABUA,EDUCATION,10.0
MP_JHABUA,DIGITAL,26.0
MP_JHABUA,HOUSING,26.0
MP_JHABUA,IRRIGATION,10.0
MP_JHABUA,TRANSPORT,16.0
BR_PATNA,WATER_SUPPLY,50.4
BR_PATNA,SANITATION,53.4
BR_PATNA,ROADS,45.4
BR_PATNA,ELECTRICITY,52.4
BR_PATNA,HEALTH,62.4
BR_PATNA,EDUCATION,43.4
BR_PATNA,DIGITAL,45.4
BR_PATNA,HOUSING,47.4
BR_PATNA,IRRIGATION,41.4
BR_PATNA,TRANSPORT,48.4
BR_GAYA,WATER_SUPPLY,40.8
BR_GAYA,SANITATION,31.8
BR_GAYA,ROADS,34.8
BR_GAYA,ELECTRICITY,46.8
BR_GAYA,HEALTH,36.8
BR_GAYA,EDUCATION,32.8
BR_GAYA,DIGITAL,43.8
BR_GAYA,HOUSING,35.8
BR_GAYA,IRRIGATION,41.8
BR_GAYA,TRANSPORT,49.8
BR_BHAGALPUR,WATER_SUPPLY,40.0
BR_BHAGALPUR,SANITATION,31.0
BR_BHAGALPUR,ROADS,37.0
BR_BHAGALPUR,ELECTRICITY,30.0
BR_BHAGALPUR,HEALTH,41.0
BR_BHAGALPUR,EDUCATION,38.0
BR_BHAGALPUR,DIGITAL,28.0
BR_BHAGALPUR,HOUSING,37.0
BR_BHAGALPUR,IRRIGATION,30.0
BR_BHAGALPUR,TRANSPORT,32.0
BR_MUZAFFARPUR,WATER_SUPPLY,27.1
BR_MUZAFFARPUR,SANITATION,26.1
BR_MUZAFFARPUR,ROADS,37.1
BR_MUZAFFARPUR,ELECTRICITY,45.1
BR_MUZAFFARPUR,HEALTH,24.1
BR_MUZAFFARPUR,EDUCATION,43.1
BR_MUZAFFARPUR,DIGITAL,24.1
BR_MUZAFFARPUR,HOUSING,33.1
BR_MUZAFFARPUR,IRRIGATION,30.1
BR_MUZAFFARPUR,TRANSPORT,32.1
BR_DARBHANGA,WATER_SUPPLY,32.1
BR_DARBHANGA,SANITATION,23.1
BR_DARBHANGA,ROADS,25.1
BR_DARBHANGA,ELECTRICITY,14.1
BR_DARBHANGA,HEALTH,38.1
BR_DARBHANGA,EDUCATION,25.1
BR_DARBHANGA,DIGITAL,18.1
BR_DARBHANGA,HOUSING,28.1
BR_DARBHANGA,IRRIGATION,16.1
BR_DARBHANGA,TRANSPORT,33.1
BR_NALANDA,WATER_SUPPLY,27.6
BR_NALANDA,SANITATION,27.6
BR_NALANDA,ROADS,28.6
BR_NALANDA,ELECTRICITY,42.6
BR_NALANDA,HEALTH,33.6
BR_NALANDA,EDUCATION,42.6
BR_NALANDA,DIGITAL,35.6
BR_NALANDA,HOUSING,39.6
BR_NALANDA,IRRIGATION,36.6
BR_NALANDA,TRANSPORT,42.6
BR_SITAMARHI,WATER_SUPPLY,14.3
BR_SITAMARHI,SANITATION,13.3
BR_SITAMARHI,ROADS,23.3
BR_SITAMARHI,ELECTRICITY,12.3
BR_SITAMARHI,HEALTH,20.3
BR_SITAMARHI,EDUCATION,10.0
BR_SITAMARHI,DIGITAL,10.0
BR_SITAMARHI,HOUSING,10.0
BR_SITAMARHI,IRRIGATION,22.3
BR_SITAMARHI,TRANSPORT,22.3
BR_ARARIA,WATER_SUPPLY,10.0
BR_ARARIA,SANITATION,23.0
BR_ARARIA,ROADS,18.0
BR_ARARIA,ELECTRICITY,19.0
BR_ARARIA,HEALTH,10.0
BR_ARARIA,EDUCATION,10.0
BR_ARARIA,DIGITAL,24.0
BR_ARARIA,HOUSING,12.0
BR_ARARIA,IRRIGATION,18.0
BR_ARARIA,TRANSPORT,21.0
BR_PURNIA,WATER_SUPPLY,16.1
BR_PURNIA,SANITATION,10.0
BR_PURNIA,ROADS,10.0
BR_PURNIA,ELECTRICITY,10.0
BR_PURNIA,HEALTH,16.1
BR_PURNIA,EDUCATION,10.0
BR_PURNIA,DIGITAL,23.1
BR_PURNIA,HOUSING,10.0
BR_PURNIA,IRRIGATION,14.1
BR_PURNIA,TRANSPORT,10.0
WB_KOLKATA,WATER_SUPPLY,75.4
WB_KOLKATA,SANITATION,69.4
WB_KOLKATA,ROADS,57.4
WB_KOLKATA,ELECTRICITY,59.4
WB_KOLKATA,HEALTH,64.4
WB_KOLKATA,EDUCATION,68.4
WB_KOLKATA,DIGITAL,60.4
WB_KOLKATA,HOUSING,76.4
WB_KOLKATA,IRRIGATION,75.4
WB_KOLKATA,TRANSPORT,57.4
WB_HOWRAH,WATER_SUPPLY,65.8
WB_HOWRAH,SANITATION,64.8
WB_HOWRAH,ROADS,58.8
WB_HOWRAH,ELECTRICITY,60.8
WB_HOWRAH,HEALTH,61.8
WB_HOWRAH,EDUCATION,61.8
WB_HOWRAH,DIGITAL,74.8
WB_HOWRAH,HOUSING,54.8
WB_HOWRAH,IRRIGATION,67.8
WB_HOWRAH,TRANSPORT,76.8
WB_PASCHIM_BARDHAMAN,WATER_SUPPLY,49.6
WB_PASCHIM_BARDHAMAN,SANITATION,58.6
WB_PASCHIM_BARDHAMAN,ROADS,63.6
WB_PASCHIM_BARDHAMAN,ELECTRICITY,46.6
WB_PASCHIM_BARDHAMAN,HEALTH,46.6
WB_PASCHIM_BARDHAMAN,EDUCATION,64.6
WB_PASCHIM_BARDHAMAN,DIGITAL,60.6
WB_PASCHIM_BARDHAMAN,HOUSING,53.6
WB_PASCHIM_BARDHAMAN,IRRIGATION,50.6
WB_PASCHIM_BARDHAMAN,TRANSPORT,66.6
WB_DARJEELING,WATER_SUPPLY,51.7
WB_DARJEELING,SANITATION,49.7
WB_DARJEELING,ROADS,53.7
WB_DARJEELING,ELECTRICITY,68.7
WB_DARJEELING,HEALTH,66.7
WB_DARJEELING,EDUCATION,58.7
WB_DARJEELING,DIGITAL,56.7
WB_DARJEELING,HOUSING,68.7
WB_DARJEELING,IRRIGATION,46.7
WB_DARJEELING,TRANSPORT,68.7
WB_PURULIA,WATER_SUPPLY,39.7
WB_PURULIA,SANITATION,25.7
WB_PURULIA,ROADS,34.7
WB_PURULIA,ELECTRICITY,27.7
WB_PURULIA,HEALTH,22.7
WB_PURULIA,EDUCATION,34.7
WB_PURULIA,DIGITAL,37.7
WB_PURULIA,HOUSING,36.7
WB_PURULIA,IRRIGATION,17.7
WB_PURULIA,TRANSPORT,38.7
WB_MALDA,WATER_SUPPLY,24.1
WB_MALDA,SANITATION,38.1
WB_MALDA,ROADS,33.1
WB_MALDA,ELECTRICITY,37.1
WB_MALDA,HEALTH,16.1
WB_MALDA,EDUCATION,27.1
WB_MALDA,DIGITAL,30.1
WB_MALDA,HOUSING,33.1
WB_MALDA,IRRIGATION,34.1
WB_MALDA,TRANSPORT,17.1
WB_MURSHIDABAD,WATER_SUPPLY,26.4
WB_MURSHIDABAD,SANITATION,34.4
WB_MURSHIDABAD,ROADS,42.4
WB_MURSHIDABAD,ELECTRICITY,33.4
WB_MURSHIDABAD,HEALTH,34.4
WB_MURSHIDABAD,EDUCATION,20.4
WB_MURSHIDABAD,DIGITAL,42.4
WB_MURSHIDABAD,HOUSING,33.4
WB_MURSHIDABAD,IRRIGATION,29.4
WB_MURSHIDABAD,TRANSPORT,42.4
OD_KHORDHA,WATER_SUPPLY,69.1
OD_KHORDHA,SANITATION,54.1
OD_KHORDHA,ROADS,52.1
OD_KHORDHA,ELECTRICITY,62.1
OD_KHORDHA,HEALTH,73.1
OD_KHORDHA,EDUCATION,72.1
OD_KHORDHA,DIGITAL,61.1
OD_KHORDHA,HOUSING,53.1
OD_KHORDHA,IRRIGATION,50.1
OD_KHORDHA,TRANSPORT,63.1
OD_CUTTACK,WATER_SUPPLY,54.3
OD_CUTTACK,SANITATION,63.3
OD_CUTTACK,ROADS,49.3
OD_CUTTACK,ELECTRICITY,59.3
OD_CUTTACK,HEALTH,58.3
OD_CUTTACK,EDUCATION,58.3
OD_CUTTACK,DIGITAL,63.3
OD_CUTTACK,HOUSING,54.3
OD_CUTTACK,IRRIGATION,50.3
OD_CUTTACK,TRANSPORT,51.3
OD_SUNDARGARH,WATER_SUPPLY,47.9
OD_SUNDARGARH,SANITATION,39.9
OD_SUNDARGARH,ROADS,47.9
OD_SUNDARGARH,ELECTRICITY,39.9
OD_SUNDARGARH,HEALTH,45.9
OD_SUNDARGARH,EDUCATION,45.9
OD_SUNDARGARH,DIGITAL,46.9
OD_SUNDARGARH,HOUSING,44.9
OD_SUNDARGARH,IRRIGATION,50.9
OD_SUNDARGARH,TRANSPORT,53.9
OD_GANJAM,WATER_SUPPLY,31.4
OD_GANJAM,SANITATION,44.4
OD_GANJAM,ROADS,51.4
OD_GANJAM,ELECTRICITY,44.4
OD_GANJAM,HEALTH,34.4
OD_GANJAM,EDUCATION,50.4
OD_GANJAM,DIGITAL,33.4
OD_GANJAM,HOUSING,46.4
OD_GANJAM,IRRIGATION,42.4
OD_GANJAM,TRANSPORT,30.4
OD_SAMBALPUR,WATER_SUPPLY,40.5
OD_SAMBALPUR,SANITATION,45.5
OD_SAMBALPUR,ROADS,51.5
OD_SAMBALPUR,ELECTRICITY,42.5
OD_SAMBALPUR,HEALTH,60.5
OD_SAMBALPUR,EDUCATION,38.5
OD_SAMBALPUR,DIGITAL,51.5
OD_SAMBALPUR,HOUSING,38.5
OD_SAMBALPUR,IRRIGATION,54.5
OD_SAMBALPUR,TRANSPORT,43.5
OD_PURI,WATER_SUPPLY,59.8
OD_PURI,SANITATION,60.8
OD_PURI,ROADS,51.8
OD_PURI,ELECTRICITY,60.8
OD_PURI,HEALTH,50.8
OD_PURI,EDUCATION,49.8
OD_PURI,DIGITAL,66.8
OD_PURI,HOUSING,61.8
OD_PURI,IRRIGATION,57.8
OD_PURI,TRANSPORT,56.8
OD_KALAHANDI,WATER_SUPPLY,25.9
OD_KALAHANDI,SANITATION,14.9
OD_KALAHANDI,ROADS,16.9
OD_KALAHANDI,ELECTRICITY,15.9
OD_KALAHANDI,HEALTH,16.9
OD_KALAHANDI,EDUCATION,29.9
OD_KALAHANDI,DIGITAL,28.9
OD_KALAHANDI,HOUSING,12.9
OD_KALAHANDI,IRRIGATION,12.9
OD_KALAHANDI,TRANSPORT,30.9
OD_NABARANGPUR,WATER_SUPPLY,22.0
OD_NABARANGPUR,SANITATION,11.0
OD_NABARANGPUR,ROADS,10.0
OD_NABARANGPUR,ELECTRICITY,27.0
OD_NABARANGPUR,HEALTH,27.0
OD_NABARANGPUR,EDUCATION,23.0
OD_NABARANGPUR,DIGITAL,10.0
OD_NABARANGPUR,HOUSING,16.0
OD_NABARANGPUR,IRRIGATION,12.0
OD_NABARANGPUR,TRANSPORT,20.0
OD_KORAPUT,WATER_SUPPLY,26.0
OD_KORAPUT,SANITATION,22.0
OD_KORAPUT,ROADS,10.0
OD_KORAPUT,ELECTRICITY,25.0
OD_KORAPUT,HEALTH,23.0
OD_KORAPUT,EDUCATION,27.0
OD_KORAPUT,DIGITAL,12.0
OD_KORAPUT,HOUSING,23.0
OD_KORAPUT,IRRIGATION,15.0
OD_KORAPUT,TRANSPORT,10.0
PB_LUDHIANA,WATER_SUPPLY,74.8
PB_LUDHIANA,SANITATION,54.8
PB_LUDHIANA,ROADS,54.8
PB_LUDHIANA,ELECTRICITY,64.8
PB_LUDHIANA,HEALTH,71.8
PB_LUDHIANA,EDUCATION,76.8
PB_LUDHIANA,DIGITAL,64.8
PB_LUDHIANA,HOUSING,66.8
PB_LUDHIANA,IRRIGATION,65.8
PB_LUDHIANA,TRANSPORT,75.8
PB_AMRITSAR,WATER_SUPPLY,56.5
PB_AMRITSAR,SANITATION,55.5
PB_AMRITSAR,ROADS,69.5
PB_AMRITSAR,ELECTRICITY,68.5
PB_AMRITSAR,HEALTH,61.5
PB_AMRITSAR,EDUCATION,56.5
PB_AMRITSAR,DIGITAL,57.5
PB_AMRITSAR,HOUSING,52.5
PB_AMRITSAR,IRRIGATION,48.5
PB_AMRITSAR,TRANSPORT,56.5
PB_JALANDHAR,WATER_SUPPLY,69.9
PB_JALANDHAR,SANITATION,63.9
PB_JALANDHAR,ROADS,55.9
PB_JALANDHAR,ELECTRICITY,58.9
PB_JALANDHAR,HEALTH,55.9
PB_JALANDHAR,EDUCATION,74.9
PB_JALANDHAR,DIGITAL,69.9
PB_JALANDHAR,HOUSING,56.9
PB_JALANDHAR,IRRIGATION,72.9
PB_JALANDHAR,TRANSPORT,58.9
PB_PATIALA,WATER_SUPPLY,60.7
PB_PATIALA,SANITATION,54.7
PB_PATIALA,ROADS,45.7
PB_PATIALA,ELECTRICITY,47.7
PB_PATIALA,HEALTH,61.7
PB_PATIALA,EDUCATION,56.7
PB_PATIALA,DIGITAL,55.7
PB_PATIALA,HOUSING,68.7
PB_PATIALA,IRRIGATION,54.7
PB_PATIALA,TRANSPORT,56.7
PB_BATHINDA,WATER_SUPPLY,56.4
PB_BATHINDA,SANITATION,54.4
PB_BATHINDA,ROADS,53.4
PB_BATHINDA,ELECTRICITY,56.4
PB_BATHINDA,HEALTH,52.4
PB_BATHINDA,EDUCATION,55.4
PB_BATHINDA,DIGITAL,51.4
PB_BATHINDA,HOUSING,45.4
PB_BATHINDA,IRRIGATION,47.4
PB_BATHINDA,TRANSPORT,45.4
PB_SAS_NAGAR,WATER_SUPPLY,76.2
PB_SAS_NAGAR,SANITATION,66.2
PB_SAS_NAGAR,ROADS,64.2
PB_SAS_NAGAR,ELECTRICITY,61.2
PB_SAS_NAGAR,HEALTH,63.2
PB_SAS_NAGAR,EDUCATION,61.2
PB_SAS_NAGAR,DIGITAL,82.2
PB_SAS_NAGAR,HOUSING,79.2
PB_SAS_NAGAR,IRRIGATION,70.2
PB_SAS_NAGAR,TRANSPORT,71.2
PB_MANSA,WATER_SUPPLY,58.5
PB_MANSA,SANITATION,55.5
PB_MANSA,ROADS,40.5
PB_MANSA,ELECTRICITY,51.5
PB_MANSA,HEALTH,58.5
PB_MANSA,EDUCATION,51.5
PB_MANSA,DIGITAL,53.5
PB_MANSA,HOUSING,42.5
PB_MANSA,IRRIGATION,53.5
PB_MANSA,TRANSPORT,44.5
HR_GURUGRAM,WATER_SUPPLY,86.7
HR_GURUGRAM,SANITATION,73.7
HR_GURUGRAM,ROADS,65.7
HR_GURUGRAM,ELECTRICITY,84.7
HR_GURUGRAM,HEALTH,82.7
HR_GURUGRAM,EDUCATION,67.7
HR_GURUGRAM,DIGITAL,65.7
HR_GURUGRAM,HOUSING,84.7
HR_GURUGRAM,IRRIGATION,65.7
HR_GURUGRAM,TRANSPORT,73.7
HR_FARIDABAD,WATER_SUPPLY,59.3
HR_FARIDABAD,SANITATION,57.3
HR_FARIDABAD,ROADS,59.3
HR_FARIDABAD,ELECTRICITY,61.3
HR_FARIDABAD,HEALTH,60.3
HR_FARIDABAD,EDUCATION,76.3
HR_FARIDABAD,DIGITAL,73.3
HR_FARIDABAD,HOUSING,76.3
HR_FARIDABAD,IRRIGATION,66.3
HR_FARIDABAD,TRANSPORT,61.3
HR_PANIPAT,WATER_SUPPLY,57.6
HR_PANIPAT,SANITATION,48.6
HR_PANIPAT,ROADS,61.6
HR_PANIPAT,ELECTRICITY,67.6
HR_PANIPAT,HEALTH,60.6
HR_PANIPAT,EDUCATION,47.6
HR_PANIPAT,DIGITAL,63.6
HR_PANIPAT,HOUSING,58.6
HR_PANIPAT,IRRIGATION,66.6
HR_PANIPAT,TRANSPORT,51.6
HR_AMBALA,WATER_SUPPLY,65.9
HR_AMBALA,SANITATION,74.9
HR_AMBALA,ROADS,52.9
HR_AMBALA,ELECTRICITY,55.9
HR_AMBALA,HEALTH,69.9
HR_AMBALA,EDUCATION,71.9
HR_AMBALA,DIGITAL,71.9
HR_AMBALA,HOUSING,68.9
HR_AMBALA,IRRIGATION,65.9
HR_AMBALA,TRANSPORT,62.9
HR_ROHTAK,WATER_SUPPLY,58.1
HR_ROHTAK,SANITATION,54.1
HR_ROHTAK,ROADS,50.1
HR_ROHTAK,ELECTRICITY,61.1
HR_ROHTAK,HEALTH,60.1
HR_ROHTAK,EDUCATION,57.1
HR_ROHTAK,DIGITAL,61.1
HR_ROHTAK,HOUSING,74.1
HR_ROHTAK,IRRIGATION,60.1
HR_ROHTAK,TRANSPORT,54.1
HR_HISAR,WATER_SUPPLY,44.2
HR_HISAR,SANITATION,53.2
HR_HISAR,ROADS,47.2
HR_HISAR,ELECTRICITY,48.2
HR_HISAR,HEALTH,60.2
HR_HISAR,EDUCATION,59.2
HR_HISAR,DIGITAL,53.2
HR_HISAR,HOUSING,42.2
HR_HISAR,IRRIGATION,43.2
HR_HISAR,TRANSPORT,49.2
HR_KARNAL,WATER_SUPPLY,66.9
HR_KARNAL,SANITATION,62.9
HR_KARNAL,ROADS,49.9
HR_KARNAL,ELECTRICITY,55.9
HR_KARNAL,HEALTH,58.9
HR_KARNAL,EDUCATION,55.9
HR_KARNAL,DIGITAL,66.9
HR_KARNAL,HOUSING,65.9
HR_KARNAL,IRRIGATION,61.9
HR_KARNAL,TRANSPORT,55.9
HR_SONIPAT,WATER_SUPPLY,57.2
HR_SONIPAT,SANITATION,71.2
HR_SONIPAT,ROADS,68.2
HR_SONIPAT,ELECTRICITY,61.2
HR_SONIPAT,HEALTH,60.2
HR_SONIPAT,EDUCATION,70.2
HR_SONIPAT,DIGITAL,67.2
HR_SONIPAT,HOUSING,60.2
HR_SONIPAT,IRRIGATION,62.2
HR_SONIPAT,TRANSPORT,65.2
HR_PANCHKULA,WATER_SUPPLY,68.5
HR_PANCHKULA,SANITATION,66.5
HR_PANCHKULA,ROADS,59.5
HR_PANCHKULA,ELECTRICITY,67.5
HR_PANCHKULA,HEALTH,63.5
HR_PANCHKULA,EDUCATION,73.5
HR_PANCHKULA,DIGITAL,78.5
HR_PANCHKULA,HOUSING,70.5
HR_PANCHKULA,IRRIGATION,70.5
HR_PANCHKULA,TRANSPORT,68.5
JH_RANCHI,WATER_SUPPLY,61.3
JH_RANCHI,SANITATION,54.3
JH_RANCHI,ROADS,60.3
JH_RANCHI,ELECTRICITY,50.3
JH_RANCHI,HEALTH,44.3
JH_RANCHI,EDUCATION,56.3
JH_RANCHI,DIGITAL,63.3
JH_RANCHI,HOUSING,60.3
JH_RANCHI,IRRIGATION,47.3
JH_RANCHI,TRANSPORT,49.3
JH_EAST_SINGHBHUM,WATER_SUPPLY,52.2
JH_EAST_SINGHBHUM,SANITATION,51.2
JH_EAST_SINGHBHUM,ROADS,64.2
JH_EAST_SINGHBHUM,ELECTRICITY,52.2
JH_EAST_SINGHBHUM,HEALTH,60.2
JH_EAST_SINGHBHUM,EDUCATION,55.2
JH_EAST_SINGHBHUM,DIGITAL,42.2
JH_EAST_SINGHBHUM,HOUSING,61.2
JH_EAST_SINGHBHUM,IRRIGATION,50.2
JH_EAST_SINGHBHUM,TRANSPORT,54.2
JH_DHANBAD,WATER_SUPPLY,48.5
JH_DHANBAD,SANITATION,56.5
JH_DHANBAD,ROADS,60.5
JH_DHANBAD,ELECTRICITY,37.5
JH_DHANBAD,HEALTH,38.5
JH_DHANBAD,EDUCATION,61.5
JH_DHANBAD,DIGITAL,41.5
JH_DHANBAD,HOUSING,44.5
JH_DHANBAD,IRRIGATION,60.5
JH_DHANBAD,TRANSPORT,48.5
JH_BOKARO,WATER_SUPPLY,44.9
JH_BOKARO,SANITATION,47.9
JH_BOKARO,ROADS,42.9
JH_BOKARO,ELECTRICITY,35.9
JH_BOKARO,HEALTH,52.9
JH_BOKARO,EDUCATION,52.9
JH_BOKARO,DIGITAL,46.9
JH_BOKARO,HOUSING,47.9
JH_BOKARO,IRRIGATION,51.9
JH_BOKARO,TRANSPORT,40.9
JH_PAKUR,WATER_SUPPLY,19.0
JH_PAKUR,SANITATION,22.0
JH_PAKUR,ROADS,10.0
JH_PAKUR,ELECTRICITY,25.0
JH_PAKUR,HEALTH,10.0
JH_PAKUR,EDUCATION,10.0
JH_PAKUR,DIGITAL,10.0
JH_PAKUR,HOUSING,24.0
JH_PAKUR,IRRIGATION,10.0
JH_PAKUR,TRANSPORT,16.0
JH_SAHIBGANJ,WATER_SUPPLY,15.0
JH_SAHIBGANJ,SANITATION,10.0
JH_SAHIBGANJ,ROADS,10.0
JH_SAHIBGANJ,ELECTRICITY,24.0
JH_SAHIBGANJ,HEALTH,25.0
JH_SAHIBGANJ,EDUCATION,10.0
JH_SAHIBGANJ,DIGITAL,13.0
JH_SAHIBGANJ,HOUSING,22.0
JH_SAHIBGANJ,IRRIGATION,10.0
JH_SAHIBGANJ,TRANSPORT,19.0
CG_RAIPUR,WATER_SUPPLY,52.1
CG_RAIPUR,SANITATION,49.1
CG_RAIPUR,ROADS,44.1
CG_RAIPUR,ELECTRICITY,42.1
CG_RAIPUR,HEALTH,50.1
CG_RAIPUR,EDUCATION,55.1
CG_RAIPUR,DIGITAL,57.1
CG_RAIPUR,HOUSING,49.1
CG_RAIPUR,IRRIGATION,49.1
CG_RAIPUR,TRANSPORT,61.1
CG_DURG,WATER_SUPPLY,54.5
CG_DURG,SANITATION,61.5
CG_DURG,ROADS,53.5
CG_DURG,ELECTRICITY,67.5
CG_DURG,HEALTH,46.5
CG_DURG,EDUCATION,63.5
CG_DURG,DIGITAL,49.5
CG_DURG,HOUSING,61.5
CG_DURG,IRRIGATION,51.5
CG_DURG,TRANSPORT,61.5
CG_BILASPUR,WATER_SUPPLY,40.9
CG_BILASPUR,SANITATION,51.9
CG_BILASPUR,ROADS,45.9
CG_BILASPUR,ELECTRICITY,33.9
CG_BILASPUR,HEALTH,36.9
CG_BILASPUR,EDUCATION,33.9
CG_BILASPUR,DIGITAL,57.9
CG_BILASPUR,HOUSING,50.9
CG_BILASPUR,IRRIGATION,57.9
CG_BILASPUR,TRANSPORT,38.9
CG_BIJAPUR,WATER_SUPPLY,10.0
CG_BIJAPUR,SANITATION,22.0
CG_BIJAPUR,ROADS,26.0
CG_BIJAPUR,ELECTRICITY,24.0
CG_BIJAPUR,HEALTH,10.0
CG_BIJAPUR,EDUCATION,14.0
CG_BIJAPUR,DIGITAL,14.0
CG_BIJAPUR,HOUSING,15.0
CG_BIJAPUR,IRRIGATION,24.0
CG_BIJAPUR,TRANSPORT,10.0
CG_SUKMA,WATER_SUPPLY,18.0
CG_SUKMA,SANITATION,21.0
CG_SUKMA,ROADS,11.0
CG_SUKMA,ELECTRICITY,22.0
CG_SUKMA,HEALTH,22.0
CG_SUKMA,EDUCATION,15.0
CG_SUKMA,DIGITAL,15.0
CG_SUKMA,HOUSING,16.0
CG_SUKMA,IRRIGATION,10.0
CG_SUKMA,TRANSPORT,14.0
AS_KAMRUP_METRO,WATER_SUPPLY,60.7
AS_KAMRUP_METRO,SANITATION,69.7
AS_KAMRUP_METRO,ROADS,74.7
AS_KAMRUP_METRO,ELECTRICITY,65.7
AS_KAMRUP_METRO,HEALTH,77.7
AS_KAMRUP_METRO,EDUCATION,55.7
AS_KAMRUP_METRO,DIGITAL,59.7
AS_KAMRUP_METRO,HOUSING,58.7
AS_KAMRUP_METRO,IRRIGATION,56.7
AS_KAMRUP_METRO,TRANSPORT,58.7
AS_CACHAR,WATER_SUPPLY,37.8
AS_CACHAR,SANITATION,53.8
AS_CACHAR,ROADS,41.8
AS_CACHAR,ELECTRICITY,52.8
AS_CACHAR,HEALTH,55.8
AS_CACHAR,EDUCATION,56.8
AS_CACHAR,DIGITAL,44.8
AS_CACHAR,HOUSING,38.8
AS_CACHAR,IRRIGATION,35.8
AS_CACHAR,TRANSPORT,34.8
AS_DIBRUGARH,WATER_SUPPLY,43.1
AS_DIBRUGARH,SANITATION,56.1
AS_DIBRUGARH,ROADS,40.1
AS_DIBRUGARH,ELECTRICITY,38.1
AS_DIBRUGARH,HEALTH,34.1
AS_DIBRUGARH,EDUCATION,50.1
AS_DIBRUGARH,DIGITAL,45.1
AS_DIBRUGARH,HOUSING,35.1
AS_DIBRUGARH,IRRIGATION,51.1
AS_DIBRUGARH,TRANSPORT,46.1
AS_BARPETA,WATER_SUPPLY,34.8
AS_BARPETA,SANITATION,25.8
AS_BARPETA,ROADS,24.8
AS_BARPETA,ELECTRICITY,26.8
AS_BARPETA,HEALTH,33.8
AS_BARPETA,EDUCATION,21.8
AS_BARPETA,DIGITAL,20.8
AS_BARPETA,HOUSING,22.8
AS_BARPETA,IRRIGATION,39.8
AS_BARPETA,TRANSPORT,29.8
AS_DHUBRI,WATER_SUPPLY,12.6
AS_DHUBRI,SANITATION,22.6
AS_DHUBRI,ROADS,10.0
AS_DHUBRI,ELECTRICITY,30.6
AS_DHUBRI,HEALTH,26.6
AS_DHUBRI,EDUCATION,25.6
AS_DHUBRI,DIGITAL,28.6
AS_DHUBRI,HOUSING,31.6
AS_DHUBRI,IRRIGATION,21.6
AS_DHUBRI,TRANSPORT,17.6
AS_NAGAON,WATER_SUPPLY,45.8
AS_NAGAON,SANITATION,26.8
AS_NAGAON,ROADS,40.8
AS_NAGAON,ELECTRICITY,45.8
AS_NAGAON,HEALTH,26.8
AS_NAGAON,EDUCATION,33.8
AS_NAGAON,DIGITAL,44.8
AS_NAGAON,HOUSING,34.8
AS_NAGAON,IRRIGATION,27.8
AS_NAGAON,TRANSPORT,46.8
JK_SRINAGAR,WATER_SUPPLY,53.7
JK_SRINAGAR,SANITATION,67.7
JK_SRINAGAR,ROADS,44.7
JK_SRINAGAR,ELECTRICITY,65.7
JK_SRINAGAR,HEALTH,48.7
JK_SRINAGAR,EDUCATION,47.7
JK_SRINAGAR,DIGITAL,68.7
JK_SRINAGAR,HOUSING,49.7
JK_SRINAGAR,IRRIGATION,49.7
JK_SRINAGAR,TRANSPORT,60.7
JK_JAMMU,WATER_SUPPLY,55.6
JK_JAMMU,SANITATION,66.6
JK_JAMMU,ROADS,59.6
JK_JAMMU,ELECTRICITY,74.6
JK_JAMMU,HEALTH,62.6
JK_JAMMU,EDUCATION,66.6
JK_JAMMU,DIGITAL,54.6
JK_JAMMU,HOUSING,70.6
JK_JAMMU,IRRIGATION,73.6
JK_JAMMU,TRANSPORT,59.6
JK_KUPWARA,WATER_SUPPLY,32.1
JK_KUPWARA,SANITATION,31.1
JK_KUPWARA,ROADS,20.1
JK_KUPWARA,ELECTRICITY,36.1
JK_KUPWARA,HEALTH,31.1
JK_KUPWARA,EDUCATION,26.1
JK_KUPWARA,DIGITAL,30.1
JK_KUPWARA,HOUSING,14.1
JK_KUPWARA,IRRIGATION,16.1
JK_KUPWARA,TRANSPORT,21.1
UK_DEHRADUN,WATER_SUPPLY,79.4
UK_DEHRADUN,SANITATION,63.4
UK_DEHRADUN,ROADS,73.4
UK_DEHRADUN,ELECTRICITY,71.4
UK_DEHRADUN,HEALTH,57.4
UK_DEHRADUN,EDUCATION,71.4
UK_DEHRADUN,DIGITAL,78.4
UK_DEHRADUN,HOUSING,71.4
UK_DEHRADUN,IRRIGATION,64.4
UK_DEHRADUN,TRANSPORT,61.4
UK_HARIDWAR,WATER_SUPPLY,54.2
UK_HARIDWAR,SANITATION,46.2
UK_HARIDWAR,ROADS,54.2
UK_HARIDWAR,ELECTRICITY,40.2
UK_HARIDWAR,HEALTH,62.2
UK_HARIDWAR,EDUCATION,45.2
UK_HARIDWAR,DIGITAL,62.2
UK_HARIDWAR,HOUSING,48.2
UK_HARIDWAR,IRRIGATION,46.2
UK_HARIDWAR,TRANSPORT,44.2
UK_NAINITAL,WATER_SUPPLY,63.0
UK_NAINITAL,SANITATION,51.0
UK_NAINITAL,ROADS,55.0
UK_NAINITAL,ELECTRICITY,53.0
UK_NAINITAL,HEALTH,68.0
UK_NAINITAL,EDUCATION,57.0
UK_NAINITAL,DIGITAL,55.0
UK_NAINITAL,HOUSING,62.0
UK_NAINITAL,IRRIGATION,66.0
UK_NAINITAL,TRANSPORT,62.0
HP_SHIMLA,WATER_SUPPLY,59.7
HP_SHIMLA,SANITATION,64.7
HP_SHIMLA,ROADS,72.7
HP_SHIMLA,ELECTRICITY,55.7
HP_SHIMLA,HEALTH,74.7
HP_SHIMLA,EDUCATION,61.7
HP_SHIMLA,DIGITAL,77.7
HP_SHIMLA,HOUSING,68.7
HP_SHIMLA,IRRIGATION,74.7
HP_SHIMLA,TRANSPORT,65.7
HP_KANGRA,WATER_SUPPLY,64.5
HP_KANGRA,SANITATION,74.5
HP_KANGRA,ROADS,59.5
HP_KANGRA,ELECTRICITY,61.5
HP_KANGRA,HEALTH,73.5
HP_KANGRA,EDUCATION,70.5
HP_KANGRA,DIGITAL,56.5
HP_KANGRA,HOUSING,57.5
HP_KANGRA,IRRIGATION,66.5
HP_KANGRA,TRANSPORT,56.5
GA_NORTH_GOA,WATER_SUPPLY,75.7
GA_NORTH_GOA,SANITATION,73.7
GA_NORTH_GOA,ROADS,65.7
GA_NORTH_GOA,ELECTRICITY,63.7
GA_NORTH_GOA,HEALTH,62.7
GA_NORTH_GOA,EDUCATION,64.7
GA_NORTH_GOA,DIGITAL,85.7
GA_NORTH_GOA,HOUSING,85.7
GA_NORTH_GOA,IRRIGATION,84.7
GA_NORTH_GOA,TRANSPORT,86.7
GA_SOUTH_GOA,WATER_SUPPLY,80.9
GA_SOUTH_GOA,SANITATION,75.9
GA_SOUTH_GOA,ROADS,66.9
GA_SOUTH_GOA,ELECTRICITY,66.9
GA_SOUTH_GOA,HEALTH,82.9
GA_SOUTH_GOA,EDUCATION,76.9
GA_SOUTH_GOA,DIGITAL,66.9
GA_SOUTH_GOA,HOUSING,68.9
GA_SOUTH_GOA,IRRIGATION,78.9
GA_SOUTH_GOA,TRANSPORT,77.9
CH_CHANDIGARH,WATER_SUPPLY,85.5
CH_CHANDIGARH,SANITATION,67.5
CH_CHANDIGARH,ROADS,74.5
CH_CHANDIGARH,ELECTRICITY,88.5
CH_CHANDIGARH,HEALTH,68.5
CH_CHANDIGARH,EDUCATION,81.5
CH_CHANDIGARH,DIGITAL,88.5
CH_CHANDIGARH,HOUSING,67.5
CH_CHANDIGARH,IRRIGATION,81.5
CH_CHANDIGARH,TRANSPORT,80.5
PY_PUDUCHERRY,WATER_SUPPLY,72.5
PY_PUDUCHERRY,SANITATION,72.5
PY_PUDUCHERRY,ROADS,79.5
PY_PUDUCHERRY,ELECTRICITY,78.5
PY_PUDUCHERRY,HEALTH,78.5
PY_PUDUCHERRY,EDUCATION,63.5
PY_PUDUCHERRY,DIGITAL,60.5
PY_PUDUCHERRY,HOUSING,75.5
PY_PUDUCHERRY,IRRIGATION,63.5
PY_PUDUCHERRY,TRANSPORT,59.5
AN_SOUTH_ANDAMAN,WATER_SUPPLY,72.6
AN_SOUTH_ANDAMAN,SANITATION,55.6
AN_SOUTH_ANDAMAN,ROADS,64.6
AN_SOUTH_ANDAMAN,ELECTRICITY,67.6
AN_SOUTH_ANDAMAN,HEALTH,67.6
AN_SOUTH_ANDAMAN,EDUCATION,70.6
AN_SOUTH_ANDAMAN,DIGITAL,63.6
AN_SOUTH_ANDAMAN,HOUSING,67.6
AN_SOUTH_ANDAMAN,IRRIGATION,59.6
AN_SOUTH_ANDAMAN,TRANSPORT,60.6
TR_WEST_TRIPURA,WATER_SUPPLY,68.9
TR_WEST_TRIPURA,SANITATION,64.9
TR_WEST_TRIPURA,ROADS,66.9
TR_WEST_TRIPURA,ELECTRICITY,72.9
TR_WEST_TRIPURA,HEALTH,55.9
TR_WEST_TRIPURA,EDUCATION,60.9
TR_WEST_TRIPURA,DIGITAL,72.9
TR_WEST_TRIPURA,HOUSING,54.9
TR_WEST_TRIPURA,IRRIGATION,66.9
TR_WEST_TRIPURA,TRANSPORT,54.9
MN_IMPHAL_WEST,WATER_SUPPLY,69.2
MN_IMPHAL_WEST,SANITATION,51.2
MN_IMPHAL_WEST,ROADS,54.2
MN_IMPHAL_WEST,ELECTRICITY,49.2
MN_IMPHAL_WEST,HEALTH,50.2
MN_IMPHAL_WEST,EDUCATION,72.2
MN_IMPHAL_WEST,DIGITAL,50.2
MN_IMPHAL_WEST,HOUSING,66.2
MN_IMPHAL_WEST,IRRIGATION,50.2
MN_IMPHAL_WEST,TRANSPORT,57.2
ML_EAST_KHASI_HILLS,WATER_SUPPLY,72.1
ML_EAST_KHASI_HILLS,SANITATION,69.1
ML_EAST_KHASI_HILLS,ROADS,55.1
ML_EAST_KHASI_HILLS,ELECTRICITY,60.1
ML_EAST_KHASI_HILLS,HEALTH,69.1
ML_EAST_KHASI_HILLS,EDUCATION,69.1
ML_EAST_KHASI_HILLS,DIGITAL,58.1
ML_EAST_KHASI_HILLS,HOUSING,57.1
ML_EAST_KHASI_HILLS,IRRIGATION,52.1
ML_EAST_KHASI_HILLS,TRANSPORT,60.1
MZ_AIZAWL,WATER_SUPPLY,77.8
MZ_AIZAWL,SANITATION,68.8
MZ_AIZAWL,ROADS,69.8
MZ_AIZAWL,ELECTRICITY,73.8
MZ_AIZAWL,HEALTH,74.8
MZ_AIZAWL,EDUCATION,81.8
MZ_AIZAWL,DIGITAL,76.8
MZ_AIZAWL,HOUSING,85.8
MZ_AIZAWL,IRRIGATION,82.8
MZ_AIZAWL,TRANSPORT,62.8
NL_KOHIMA,WATER_SUPPLY,67.0
NL_KOHIMA,SANITATION,66.0
NL_KOHIMA,ROADS,63.0
NL_KOHIMA,ELECTRICITY,73.0
NL_KOHIMA,HEALTH,73.0
NL_KOHIMA,EDUCATION,51.0
NL_KOHIMA,DIGITAL,64.0
NL_KOHIMA,HOUSING,70.0
NL_KOHIMA,IRRIGATION,62.0
NL_KOHIMA,TRANSPORT,51.0
SK_EAST_SIKKIM,WATER_SUPPLY,56.8
SK_EAST_SIKKIM,SANITATION,63.8
SK_EAST_SIKKIM,ROADS,62.8
SK_EAST_SIKKIM,ELECTRICITY,58.8
SK_EAST_SIKKIM,HEALTH,67.8
SK_EAST_SIKKIM,EDUCATION,60.8
SK_EAST_SIKKIM,DIGITAL,56.8
SK_EAST_SIKKIM,HOUSING,69.8
SK_EAST_SIKKIM,IRRIGATION,67.8
SK_EAST_SIKKIM,TRANSPORT,67.8
AR_PAPUM_PARE,WATER_SUPPLY,67.3
AR_PAPUM_PARE,SANITATION,52.3
AR_PAPUM_PARE,ROADS,51.3
AR_PAPUM_PARE,ELECTRICITY,51.3
AR_PAPUM_PARE,HEALTH,72.3
AR_PAPUM_PARE,EDUCATION,51.3
AR_PAPUM_PARE,DIGITAL,51.3
AR_PAPUM_PARE,HOUSING,72.3
AR_PAPUM_PARE,IRRIGATION,61.3
AR_PAPUM_PARE,TRANSPORT,60.3
LA_LEH,WATER_SUPPLY,49.0
LA_LEH,SANITATION,49.0
LA_LEH,ROADS,62.0
LA_LEH,ELECTRICITY,58.0
LA_LEH,HEALTH,49.0
LA_LEH,EDUCATION,65.0
LA_LEH,DIGITAL,48.0
LA_LEH,HOUSING,65.0
LA_LEH,IRRIGATION,63.0
LA_LEH,TRANSPORT,44.0
